product_id,sku,product_name,category,unit_cost,list_price,is_active,created_at,updated_at
P00001,EQ-09232,Building Organization,Auto,170.53,263.02,True,2026-01-08T09:07:36,2026-02-20T17:24:57
P00002,MM-37452,Small Serious,Healthcare,287.34,522.45,True,2024-05-29T01:18:45,2024-08-17T11:59:28
P00003,BT-12419,Parent Research,Apparel,262.83,341.62,True,2025-07-05T17:44:17,2025-08-09T03:39:47
P00004,SO-66319,Eight Blue,Office,88.65,143.51,True,2025-06-27T20:14:03,2025-07-22T13:21:45
P00005,WI-49190,Later Recently,Grocery,39.69,67.06,True,2024-01-06T05:26:41,2025-05-07T15:41:12
P00006,AF-51850,Born Lead,Apparel,115.8,185.53,True,2026-02-26T20:36:14,2026-02-26T05:26:56
P00007,UH-57262,Rather Expect,Sports,327.2,384.6,True,2025-02-10T05:59:47,2025-07-08T01:00:19
P00008,UL-98776,Executive Future,Home,325.32,450.42,True,2025-04-10T17:33:31,2025-06-17T16:29:17
P00009,WD-31473,Over Poor,Office,284.04,392.4,True,2026-01-18T20:16:45,2026-01-29T00:47:21
P00010,LF-65075,Difference Hear,Apparel,200.88,337.5,True,2024-06-28T20:57:25,2025-09-08T16:20:05
P00011,JA-45494,Nation Yourself,Healthcare,235.89,301.79,True,2024-05-23T10:59:15,2024-05-29T08:24:15
P00012,JW-31367,Effect Rock,Grocery,265.05,481.81,True,2024-11-05T23:36:00,2025-03-18T20:23:44
P00013,SO-77701,Interview Role,Office,26.43,32.58,True,2024-11-10T12:43:32,2026-02-25T22:49:19
P00014,JH-34957,Guy Large,Home,225.36,407.55,True,2025-01-11T07:14:08,2025-09-12T04:29:47
P00015,TQ-85574,During Camera,Auto,148.47,227.82,False,2025-04-27T17:51:42,2025-08-16T07:43:48
P00016,MN-35182,Single Member,Home,186.3,283.12,True,2025-01-05T18:07:03,2025-10-12T16:12:36
P00017,GM-49894,Fine Dream,Sports,61.77,107.98,True,2025-03-28T21:13:45,2026-01-20T15:05:57
P00018,IR-52408,Answer Arm,Grocery,284.0,416.74,True,2025-06-09T14:36:03,2026-01-31T21:51:19
P00019,AK-84271,Feel Manager,Electronics,141.6,243.77,True,2026-02-02T18:04:02,2026-02-15T11:44:04
P00020,QE-77520,Build Term,Electronics,327.43,392.36,True,2025-04-28T09:26:11,2025-07-06T20:46:41
P00021,OR-16719,Argue Civil,Healthcare,134.19,238.04,True,2025-04-04T12:05:43,2026-01-05T04:41:55
P00022,HJ-29413,South Keep,Auto,45.93,84.74,True,2025-02-06T04:46:14,2025-02-07T00:19:29
P00023,YC-99938,When Level,Healthcare,188.52,325.45,True,2024-09-10T11:09:17,2025-03-22T23:48:07
P00024,ND-49649,Poor Sister,Electronics,284.27,410.33,True,2026-02-23T07:13:04,2026-02-23T19:02:28
P00025,KP-13341,Consumer Old,Electronics,89.43,105.61,True,2025-03-25T17:13:48,2025-04-22T04:32:18
P00026,SM-12067,Many Film,Office,286.45,476.1,True,2024-11-22T19:49:43,2026-01-15T10:15:19
P00027,ER-03447,East Window,Sports,345.06,522.72,True,2025-02-27T08:03:35,2025-12-26T23:58:11
P00028,IO-49361,Raise Church,Healthcare,196.77,232.74,True,2024-12-18T21:24:50,2025-09-12T10:44:26
P00029,YT-42102,Physical Smile,Healthcare,56.48,79.84,True,2026-02-11T15:15:54,2026-02-18T09:54:45
P00030,ST-94717,Scene Interesting,Sports,282.99,506.64,True,2025-07-29T13:35:33,2025-09-01T12:15:16
P00031,FM-48877,Among Visit,Office,118.94,143.36,True,2025-04-05T02:34:46,2025-07-11T01:17:24
P00032,FO-65940,Represent Think,Electronics,306.4,392.72,True,2026-02-18T23:42:35,2026-02-21T15:13:55
P00033,CW-99049,Something Continue,Auto,109.6,195.78,True,2024-08-04T23:07:47,2025-12-07T07:44:38
P00034,LB-78742,Prove Teach,Office,141.84,186.88,False,2024-11-25T09:24:29,2025-08-25T20:22:19
P00035,VU-71756,Religious Book,Apparel,129.08,228.21,True,2025-04-22T23:30:48,2025-10-02T06:23:20
P00036,QZ-25674,Teach Soon,Healthcare,20.77,36.45,True,2026-01-29T00:16:35,2026-02-24T09:09:12
P00037,QU-80715,Business Spring,Auto,84.36,130.66,True,2024-09-08T17:41:43,2025-08-19T08:48:52
P00038,AD-68087,Cup National,Grocery,338.45,541.24,True,2025-05-17T05:46:50,2025-11-13T05:08:46
P00039,NR-59770,Often Catch,Grocery,68.5,121.42,True,2025-10-19T16:02:53,2025-11-07T21:03:48
P00040,OM-47710,Successful Education,Electronics,147.28,256.23,True,2024-08-24T22:09:00,2025-04-04T16:29:23
P00041,AF-24808,Down Thought,Electronics,218.15,352.69,True,2025-09-23T21:31:01,2025-09-24T17:35:26
P00042,TS-17127,Mr Season,Electronics,10.77,17.83,True,2025-07-02T00:32:52,2025-12-27T21:27:51
P00043,DJ-46773,Check Identify,Sports,41.92,51.03,True,2024-06-01T06:39:33,2025-02-14T11:17:50
P00044,RX-39821,Strategy Too,Healthcare,32.26,58.76,True,2025-04-15T07:44:14,2025-09-15T21:52:54
P00045,SU-65840,Fire Third,Home,230.54,403.62,True,2026-02-16T02:25:24,2026-02-22T17:30:03
P00046,IE-99727,Hair Go,Electronics,247.48,298.93,True,2025-03-20T10:36:54,2025-05-07T16:58:02
P00047,MS-88675,Edge Owner,Office,77.94,136.99,True,2025-08-03T08:02:59,2025-08-22T21:59:17
P00048,VE-63605,Season White,Electronics,66.88,116.73,True,2024-01-17T18:09:48,2026-01-15T12:59:04
P00049,IG-66270,Performance Glass,Apparel,61.05,80.48,True,2025-02-02T17:21:24,2026-02-23T23:08:50
P00050,AU-17187,Charge It,Home,177.77,325.68,True,2024-02-24T13:14:53,2024-05-11T10:38:49
P00051,NS-21745,Information Rate,Healthcare,339.28,467.69,True,2025-10-11T14:31:14,2026-01-10T17:24:27
P00052,OT-15865,Very Song,Sports,239.49,386.17,False,2024-03-28T19:18:51,2024-12-05T22:04:05
P00053,PO-78091,Return Will,Apparel,58.21,95.94,True,2025-10-11T23:24:20,2026-01-11T03:05:00
P00054,WO-43161,Score Turn,Apparel,158.43,266.63,True,2024-04-14T02:11:27,2025-07-17T17:35:32
P00055,CU-17240,Style Arrive,Healthcare,40.64,49.29,True,2025-07-21T19:38:50,2025-10-12T12:00:18
P00056,PH-45562,Its Others,Healthcare,138.79,167.84,True,2025-07-26T18:33:10,2026-01-17T12:10:08
P00057,YN-22219,Result Effect,Apparel,108.89,162.81,True,2024-03-05T13:17:26,2025-01-05T15:50:04
P00058,OQ-79237,Machine Especially,Auto,91.84,121.47,True,2025-10-02T19:39:12,2026-01-27T03:08:19
P00059,EC-07482,You Hair,Electronics,332.34,459.48,True,2025-09-27T10:28:21,2026-01-15T20:38:08
P00060,TM-94647,If Tonight,Apparel,115.63,209.65,True,2024-07-24T10:11:25,2025-06-15T09:47:44
P00061,WK-71369,Find Scene,Grocery,338.88,575.21,True,2024-11-29T08:52:50,2025-06-18T11:07:59
P00062,KR-40640,Star Size,Office,209.32,320.67,False,2025-11-29T17:01:46,2026-01-27T22:13:28
P00063,MZ-09743,He Discuss,Apparel,291.79,349.68,True,2025-02-22T15:08:40,2025-07-27T07:16:42
P00064,OP-39421,Among For,Sports,251.76,428.58,True,2024-03-16T19:30:37,2025-04-30T17:32:59
P00065,FS-70952,General Small,Healthcare,192.56,328.03,True,2025-01-03T17:38:40,2025-02-15T03:49:15
P00066,XH-62328,More White,Auto,62.39,98.51,True,2025-07-30T21:41:25,2026-02-07T10:50:27
P00067,VV-42474,Summer Building,Home,8.64,11.5,False,2025-06-06T16:35:37,2025-09-27T14:23:25
P00068,ZJ-71236,History Believe,Grocery,271.46,424.02,True,2025-05-27T11:01:30,2025-07-19T09:26:58
P00069,DX-60481,Remember Smile,Home,45.04,81.45,True,2024-05-25T09:21:29,2024-12-22T16:30:22
P00070,RO-49651,Market Ago,Grocery,38.68,64.03,True,2025-04-08T02:19:02,2025-06-05T00:54:21
P00071,PE-98593,Prove Than,Home,238.61,301.85,True,2026-01-28T16:11:35,2026-02-07T10:35:27
P00072,CC-74612,Fly Mind,Grocery,84.99,121.84,True,2024-07-07T20:42:27,2025-08-16T00:47:39
P00073,YD-11382,Hospital Religious,Office,160.1,232.25,True,2024-01-05T06:13:17,2026-02-13T22:51:50
P00074,PG-86926,These Might,Home,204.19,349.09,True,2025-07-03T11:20:12,2025-10-28T03:16:42
P00075,NC-96405,Light Eat,Grocery,187.06,298.81,True,2025-09-03T19:25:37,2025-10-02T11:22:54
P00076,DZ-51585,Fact Customer,Grocery,217.99,374.86,True,2025-12-23T19:37:05,2026-01-09T10:07:15
P00077,BD-17139,Stop Goal,Apparel,45.35,64.0,True,2024-05-24T12:26:38,2024-10-12T18:24:27
P00078,WJ-32931,Despite Peace,Sports,172.9,263.87,True,2025-10-22T17:10:31,2026-01-03T04:11:20
P00079,AR-33529,Town Check,Grocery,218.7,384.01,True,2024-01-10T04:12:52,2025-02-06T17:32:41
P00080,QB-28421,Catch Administration,Grocery,146.15,218.38,True,2025-12-28T15:10:05,2025-12-31T07:18:02
P00081,LQ-53950,Area Card,Apparel,82.57,111.64,True,2025-04-13T23:49:49,2025-12-22T17:32:07
P00082,CX-68117,High Must,Home,97.42,149.07,True,2025-01-10T01:48:46,2025-08-23T17:13:27
P00083,NC-91783,Short Step,Home,258.92,416.23,True,2024-09-10T01:28:16,2025-09-01T02:28:55
P00084,EZ-84700,Last Rich,Home,272.59,358.69,True,2026-01-25T22:22:55,2026-02-21T05:39:08
P00085,UM-17711,Choose Attorney,Office,285.67,489.58,True,2025-08-06T17:17:38,2025-12-21T05:20:45
P00086,TU-24998,I Picture,Apparel,104.82,140.16,True,2025-06-10T03:08:48,2026-01-06T01:17:55
P00087,BG-84789,Student Science,Sports,246.99,306.98,True,2024-05-29T10:53:15,2025-07-05T15:09:36
P00088,OA-18367,Group Their,Apparel,221.6,313.04,True,2024-03-18T02:25:32,2024-12-27T22:59:56
P00089,BU-76615,Reduce Especially,Auto,161.87,241.45,True,2025-08-18T23:05:46,2025-12-13T20:42:44
P00090,FF-52711,Lay Big,Auto,298.29,509.17,True,2025-02-11T13:52:13,2025-10-22T08:20:53
P00091,JJ-52809,Girl Religious,Apparel,121.53,188.92,True,2025-08-02T10:57:43,2026-02-13T01:02:06
P00092,SM-16560,Forget He,Grocery,10.62,19.12,True,2024-06-10T14:00:27,2025-01-03T22:58:08
P00093,QE-19832,Door Throw,Apparel,59.85,107.9,True,2024-10-07T20:23:16,2024-11-18T11:42:57
P00094,WR-15851,Painting Draw,Sports,22.87,36.32,True,2026-01-13T07:27:41,2026-01-18T22:06:00
P00095,BM-68998,Woman Really,Office,169.5,210.67,True,2024-08-19T21:28:00,2024-08-27T22:21:52
P00096,VW-40244,According Course,Home,345.91,500.05,True,2024-05-15T02:14:24,2024-08-14T23:51:06
P00097,VO-29612,Allow Benefit,Home,113.11,199.83,True,2024-05-20T04:41:43,2024-10-13T02:33:36
P00098,VK-83667,Hope Forget,Electronics,215.56,272.66,True,2024-12-25T06:40:47,2025-03-12T13:39:43
P00099,JK-59910,Somebody Prepare,Grocery,301.69,365.25,True,2024-04-12T03:37:46,2025-05-10T11:27:20
P00100,FM-01476,Letter Join,Sports,90.49,144.9,True,2024-09-11T19:38:46,2025-06-29T22:01:54
P00101,BH-43815,Federal Resource,Apparel,75.88,119.5,False,2024-07-12T12:18:41,2024-09-05T07:31:24
P00102,OZ-97840,Place Around,Home,88.17,140.78,True,2024-03-13T00:23:59,2025-01-31T04:24:55
P00103,WQ-03432,Figure Generation,Healthcare,131.07,213.39,True,2026-02-20T02:01:37,2026-02-21T00:16:13
P00104,IY-10762,No Score,Electronics,323.29,586.47,True,2025-02-11T09:40:45,2025-10-25T13:27:44
P00105,ZV-38851,And Least,Healthcare,33.44,51.02,True,2025-09-22T08:05:19,2025-10-12T16:58:13
P00106,BK-07159,Interview Security,Sports,190.05,270.54,False,2025-10-11T20:43:41,2025-10-27T09:44:27
P00107,UK-64160,Suddenly Yourself,Office,24.98,30.23,True,2025-03-20T14:39:38,2025-04-17T09:42:47
P00108,GP-97516,Least Perform,Sports,46.21,76.04,True,2025-12-19T05:31:22,2026-02-23T16:50:52
P00109,VV-68164,Do Goal,Apparel,62.6,77.55,True,2024-10-02T03:49:57,2024-11-01T10:51:27
P00110,GM-21818,Western Stand,Apparel,185.73,247.78,True,2025-08-13T02:31:29,2025-12-21T11:03:31
P00111,JQ-55231,Decade Consumer,Sports,131.85,175.17,True,2024-04-15T21:46:07,2024-12-04T23:32:00
P00112,DW-92127,Organization Soon,Electronics,301.25,349.03,True,2024-02-17T11:24:58,2024-07-19T05:59:54
P00113,OU-97995,City Less,Electronics,195.74,350.33,True,2026-01-28T13:14:20,2026-02-12T13:58:46
P00114,LD-17744,He Movement,Auto,98.58,118.74,True,2025-01-16T16:43:57,2025-02-11T05:14:51
P00115,DX-14770,Theory Few,Electronics,334.16,400.41,True,2025-04-21T09:20:05,2026-01-29T14:00:23
P00116,YD-11998,Partner Once,Office,105.6,179.43,True,2026-01-27T07:29:23,2026-02-27T06:46:57
P00117,ME-07935,More City,Office,56.95,102.66,True,2024-01-25T17:22:40,2026-01-04T00:21:00
P00118,GP-07151,Consider Among,Healthcare,297.91,494.25,True,2024-04-16T16:15:26,2025-09-01T01:09:45
P00119,NK-37788,Himself Hotel,Apparel,37.09,66.57,True,2025-06-16T22:57:23,2026-02-05T23:05:37
P00120,DY-46659,Program Radio,Home,179.37,286.28,True,2025-02-07T18:36:03,2025-09-17T21:08:15
P00121,RY-51518,Federal Entire,Apparel,95.04,130.25,True,2025-02-06T23:20:20,2025-09-25T08:14:04
P00122,QJ-92519,Whom Hard,Office,51.96,87.77,True,2024-04-21T03:10:28,2025-08-11T10:26:07
P00123,TJ-46291,However Question,Auto,337.8,437.57,True,2024-11-11T08:54:07,2024-12-27T05:51:43
P00124,GX-52816,Affect Him,Apparel,290.1,475.13,True,2024-02-11T10:09:05,2026-02-08T07:22:25
P00125,MO-42357,Certain Clear,Electronics,238.63,317.88,True,2024-06-27T12:54:28,2026-01-17T23:35:15
P00126,VH-14188,Always Recently,Home,164.4,281.57,True,2024-05-23T00:03:53,2025-01-05T04:12:52
P00127,JK-59296,Course Theory,Healthcare,133.42,212.3,True,2025-10-22T18:37:16,2025-11-10T00:04:12
P00128,XR-92706,Serve Economy,Grocery,284.21,345.14,True,2024-12-05T01:29:03,2025-03-01T18:27:52
P00129,IP-79473,For Table,Healthcare,176.16,249.78,True,2025-03-12T11:13:58,2025-06-15T08:17:28
P00130,DX-73597,Father Star,Sports,16.95,26.84,True,2024-09-08T09:31:26,2026-01-11T01:05:17
P00131,MZ-68862,Point Certainly,Healthcare,52.35,67.51,True,2025-06-22T20:51:34,2026-01-11T00:24:50
P00132,GT-40758,Throughout Name,Auto,170.49,289.32,True,2024-12-18T16:20:24,2025-05-05T05:01:20
P00133,CG-14124,Choice Then,Office,15.11,25.95,True,2024-10-14T15:33:22,2025-11-10T18:14:10
P00134,BA-61375,Argue Individual,Home,90.51,119.37,True,2025-06-30T01:48:14,2025-11-24T12:22:59
P00135,XO-85361,Ahead From,Sports,65.75,102.88,True,2026-01-25T11:58:37,2026-01-26T22:44:22
P00136,SE-15220,Safe Theory,Sports,199.27,255.42,True,2025-05-19T09:11:31,2025-06-07T02:03:14
P00137,FB-27790,Establish Dinner,Office,11.88,17.64,True,2024-12-05T06:51:08,2025-05-28T22:11:58
P00138,HX-28986,Fight Economy,Auto,25.55,32.02,True,2025-12-22T03:54:33,2026-02-06T02:23:45
P00139,OY-41036,Prevent Lot,Healthcare,207.18,287.07,True,2024-11-26T05:46:27,2026-01-05T20:31:41
P00140,BO-11798,Myself Paper,Auto,65.1,119.01,True,2025-12-11T11:14:42,2026-02-24T05:24:19
P00141,NW-32460,Effect Own,Apparel,48.94,81.25,True,2025-12-19T12:54:49,2026-03-01T01:11:38
P00142,EH-62185,Off Movement,Auto,322.76,589.77,True,2024-08-14T18:06:59,2026-01-04T04:21:47
P00143,CO-88067,Impact Hour,Home,87.11,160.08,True,2024-06-20T02:52:45,2025-05-29T14:00:16
P00144,PU-40515,Realize Production,Office,91.09,109.08,True,2024-09-19T23:00:03,2025-10-19T14:46:26
P00145,WI-19520,Ground Teach,Sports,310.17,463.75,True,2025-01-22T17:24:06,2025-09-24T18:41:48
P00146,ET-27722,Stand Yet,Office,61.12,73.44,True,2024-02-04T00:20:16,2024-05-21T02:21:10
P00147,YM-70430,Various Analysis,Healthcare,60.51,72.76,True,2024-04-05T19:39:57,2025-08-12T22:01:27
P00148,EQ-54868,Although Some,Sports,214.52,311.9,True,2024-02-24T10:13:12,2025-04-18T22:35:46
P00149,RH-34505,Successful Hold,Apparel,232.91,316.33,True,2024-04-08T12:36:35,2025-08-23T04:03:23
P00150,LF-66765,Role Modern,Electronics,152.52,206.85,True,2025-11-08T19:30:12,2025-11-20T00:13:10
P00151,FB-58416,Play Test,Apparel,342.08,506.79,True,2024-04-28T12:30:31,2025-01-24T02:41:34
P00152,FU-28451,Recent Find,Healthcare,68.78,121.73,True,2025-01-13T14:02:16,2025-08-26T14:16:14
P00153,SC-47962,Have Likely,Apparel,199.67,250.74,True,2025-12-14T03:05:42,2026-01-27T17:26:48
P00154,OY-05964,Yourself Art,Office,195.99,340.74,True,2025-06-19T17:43:55,2026-02-17T18:56:15
P00155,BJ-16582,Time Political,Grocery,108.1,154.19,True,2026-01-01T16:36:57,2026-02-03T18:43:39
P00156,XP-70213,Hit High,Sports,46.5,78.12,True,2024-06-26T06:51:12,2024-11-02T01:27:05
P00157,RC-69092,Hospital Hot,Healthcare,74.66,128.85,True,2024-05-31T08:20:58,2024-08-07T02:24:35
P00158,XZ-71928,Former Rate,Healthcare,195.46,341.98,True,2025-06-16T00:50:44,2026-01-16T03:26:09
P00159,FH-43102,Impact White,Sports,200.47,312.31,True,2024-04-12T18:49:06,2025-01-29T17:56:22
P00160,NN-81447,Feeling Rule,Healthcare,96.13,154.61,True,2025-08-08T15:02:11,2025-10-17T12:09:39
P00161,CL-73121,Way Sell,Healthcare,18.38,32.58,True,2024-12-05T07:03:47,2025-08-05T08:57:23
P00162,JI-71551,Fill Vote,Electronics,121.56,207.33,True,2024-11-14T15:54:44,2025-10-30T03:55:14
P00163,OH-42258,Deep Structure,Sports,108.67,181.54,True,2024-11-24T23:26:38,2025-10-20T02:12:28
P00164,JK-23705,Home Manage,Office,320.13,459.39,False,2025-05-11T16:55:23,2025-06-08T16:50:10
P00165,TZ-82911,Series Serve,Home,112.34,169.04,False,2024-05-18T16:56:36,2024-06-16T05:12:56
P00166,EI-78669,Free Quality,Office,293.76,389.13,True,2025-04-12T11:45:12,2025-08-30T11:52:29
P00167,IX-17785,Ok Push,Healthcare,224.22,277.3,True,2024-02-01T11:31:38,2025-05-02T05:55:30
P00168,DH-92268,National Claim,Auto,123.77,214.91,False,2024-09-21T22:05:18,2024-10-19T12:03:10
P00169,WH-42253,Want Federal,Office,300.7,482.07,True,2025-11-24T08:41:26,2026-01-28T00:55:49
P00170,IO-14384,Floor Possible,Electronics,168.56,209.46,True,2024-06-26T00:14:16,2025-05-04T22:45:41
P00171,LJ-81829,Congress Reason,Apparel,151.21,213.74,True,2024-12-23T08:13:29,2025-05-26T21:33:52
P00172,BF-99590,Answer Put,Healthcare,206.65,238.71,True,2025-11-09T17:41:38,2026-01-25T09:19:43
P00173,NO-94396,Allow Modern,Home,171.2,237.18,True,2024-10-10T10:55:17,2025-02-20T20:45:57
P00174,ZZ-84473,Reveal Into,Apparel,69.98,105.82,True,2024-09-03T19:25:42,2025-07-27T21:08:46
P00175,CA-47102,Member Majority,Electronics,231.11,427.14,True,2024-09-22T12:24:47,2024-10-28T18:45:36
P00176,TU-35925,Similar Traditional,Office,123.39,203.51,True,2025-12-03T20:50:30,2026-02-26T11:32:19
P00177,JG-56258,From Effort,Sports,295.02,520.28,True,2024-07-04T03:30:08,2025-03-25T23:51:35
P00178,JG-71473,Apply Fill,Sports,331.69,590.31,True,2025-11-01T07:22:14,2026-02-04T09:26:50
P00179,UK-69632,Set Form,Auto,133.23,207.83,True,2025-04-19T15:03:55,2026-02-11T18:39:04
P00180,FT-32787,Modern Agency,Grocery,311.85,467.88,True,2025-11-28T16:19:26,2025-12-04T04:08:12
P00181,NL-16873,Head Anything,Auto,146.17,226.36,True,2025-04-13T10:55:45,2025-07-14T02:31:21
P00182,SI-04797,Across Throw,Sports,113.13,134.69,True,2025-04-07T06:48:49,2025-07-02T18:48:10
P00183,WZ-16245,History Answer,Grocery,275.9,467.88,True,2024-05-12T13:40:27,2025-06-29T13:30:24
P00184,XJ-60983,Fight Back,Electronics,18.02,23.24,True,2025-01-17T10:48:53,2025-10-15T06:01:43
P00185,NR-68784,Popular By,Electronics,221.21,292.92,True,2025-12-11T09:08:06,2026-01-29T16:37:19
P00186,JX-21655,Someone Charge,Sports,27.52,32.53,True,2024-10-24T23:33:38,2025-07-19T10:27:56
P00187,CC-39868,American Certain,Sports,123.24,219.49,False,2025-01-02T06:10:58,2026-02-21T12:01:14
P00188,MG-57872,Challenge Generation,Office,255.87,317.75,True,2026-01-21T18:32:10,2026-01-28T11:45:41
P00189,VT-95269,Personal Great,Electronics,134.44,214.87,True,2026-02-28T19:03:38,2026-02-28T21:06:41
P00190,TE-88879,Team Adult,Electronics,21.64,26.64,True,2025-03-30T03:35:16,2025-11-27T22:09:13
P00191,TY-55169,Way Share,Electronics,108.89,175.66,True,2025-11-09T08:39:38,2026-02-06T04:26:53
P00192,KO-09749,Set Approach,Home,181.5,287.2,True,2024-10-16T03:31:12,2025-08-23T06:49:16
P00193,XY-97289,Choose Term,Office,128.48,184.6,True,2024-06-13T17:31:58,2025-01-11T22:59:30
P00194,BC-30913,Former Kid,Auto,85.9,99.55,True,2024-04-01T18:42:31,2024-08-31T02:49:32
P00195,XN-26368,Wife Market,Home,254.63,310.88,True,2024-09-19T07:29:18,2025-06-16T14:03:06
P00196,UQ-02838,Mean Never,Sports,306.58,535.46,True,2025-01-03T10:27:47,2025-03-03T03:54:48
P00197,VI-65278,Health Require,Electronics,8.34,10.4,True,2025-10-24T10:22:57,2026-02-13T19:17:56
P00198,RJ-49733,Fire Down,Home,133.55,185.62,True,2024-04-26T12:29:17,2025-05-25T22:54:30
P00199,EW-44375,Opportunity World,Healthcare,228.85,390.84,True,2024-04-25T22:46:03,2024-10-05T03:26:58
P00200,YZ-44198,Tell Hair,Grocery,281.78,457.86,True,2024-07-04T12:49:22,2024-08-02T21:56:53
P00201,WC-24041,Reality Establish,Sports,171.66,256.06,True,2025-02-25T01:04:16,2026-01-26T10:00:45
P00202,JS-73384,Expert Certain,Office,342.37,554.26,True,2024-12-12T16:44:44,2025-10-24T03:27:42
P00203,DQ-19933,West Nice,Office,171.27,276.53,True,2025-10-18T04:53:52,2025-10-31T00:41:59
P00204,VT-33016,Marriage Black,Sports,179.42,265.27,True,2025-05-22T02:48:31,2025-11-02T07:21:17
P00205,PE-20826,Me Rather,Electronics,179.89,276.19,True,2025-01-22T07:05:29,2025-09-06T18:28:05
P00206,XF-34540,Reach Painting,Grocery,159.24,196.36,False,2025-05-24T20:01:06,2025-12-16T13:02:35
P00207,LC-38026,Think Industry,Electronics,289.94,494.13,True,2025-09-25T09:56:32,2026-02-15T06:41:42
P00208,TK-72400,Player Both,Grocery,332.87,467.46,True,2024-02-25T14:21:35,2025-11-20T19:30:45
P00209,FI-54788,Today Mother,Auto,251.99,309.9,True,2026-02-16T07:00:21,2026-02-21T20:51:18
P00210,KU-74315,Low Raise,Auto,247.22,292.23,True,2024-06-17T04:52:45,2025-08-10T03:16:39
P00211,KR-42054,Sometimes Data,Office,69.7,125.54,True,2025-02-06T14:52:50,2025-05-14T22:21:06
P00212,UF-29668,Institution Relationship,Healthcare,21.04,33.52,True,2025-11-19T03:49:57,2026-01-15T14:42:37
P00213,PA-12275,Every Identify,Sports,337.53,389.18,True,2026-01-23T17:59:27,2026-03-01T15:59:32
P00214,LU-37454,Page Activity,Sports,243.68,309.85,True,2024-05-11T12:42:38,2026-01-21T10:32:56
P00215,DT-45301,Collection Into,Healthcare,149.44,235.56,False,2025-12-10T07:17:25,2026-01-22T09:28:51
P00216,NO-84145,Discuss Cell,Sports,52.67,82.78,True,2026-02-05T09:53:44,2026-02-22T10:45:47
P00217,AS-72795,Often While,Office,74.31,117.92,True,2024-10-24T11:58:43,2024-12-30T22:41:11
P00218,YF-78339,Never Likely,Auto,250.07,420.75,True,2025-07-29T18:36:42,2026-01-26T13:43:47
P00219,DJ-85191,Weight Mouth,Apparel,307.73,444.88,True,2024-01-14T03:01:24,2024-06-10T01:42:03
P00220,UH-39822,Letter But,Office,97.11,165.07,True,2024-10-20T08:09:53,2024-11-20T22:50:18
P00221,CZ-39718,Around Long,Office,264.99,310.73,True,2025-04-08T19:55:43,2026-01-20T07:47:41
P00222,DJ-28679,Maintain Remember,Healthcare,86.97,147.76,True,2025-12-13T22:42:03,2026-01-30T12:26:50
P00223,VN-40640,Particular Baby,Auto,338.21,401.68,True,2026-01-31T06:39:55,2026-02-24T14:53:14
P00224,DE-06518,World Marriage,Auto,265.51,406.93,True,2025-09-09T23:12:18,2026-01-01T05:43:04
P00225,XP-04622,Shoulder Race,Sports,337.05,561.04,True,2024-05-02T01:27:17,2025-11-22T08:08:10
P00226,YF-65676,Result Recently,Apparel,6.95,10.26,True,2024-06-07T04:59:20,2026-02-08T01:49:59
P00227,IZ-82512,Newspaper Care,Apparel,174.24,270.22,True,2025-01-01T22:20:33,2025-04-23T05:33:04
P00228,RU-30047,Off Language,Sports,148.5,226.6,True,2024-04-04T07:56:13,2026-02-12T10:21:23
P00229,WJ-86337,Fact Current,Apparel,80.36,134.75,True,2025-06-27T17:52:48,2025-12-10T00:07:42
P00230,PN-10690,Audience Blood,Auto,158.76,283.09,True,2025-09-20T07:02:43,2025-12-11T12:58:50
P00231,PV-90790,Another Interest,Home,138.13,211.09,True,2024-10-16T16:52:49,2025-04-25T16:51:32
P00232,IG-73830,Figure East,Grocery,172.95,234.78,True,2025-10-29T10:32:05,2026-02-27T03:10:49
P00233,PT-95995,Under Character,Electronics,221.29,287.13,False,2025-10-06T06:55:43,2026-01-22T03:13:34
P00234,DJ-83644,Perhaps Until,Healthcare,228.06,412.29,True,2026-02-03T04:01:29,2026-02-25T10:02:05
P00235,WP-26870,Remain I,Home,23.72,40.47,True,2025-07-25T18:52:14,2025-09-29T13:24:28
P00236,TY-85662,Create Somebody,Healthcare,154.39,179.37,True,2025-11-20T17:00:41,2026-02-20T19:04:48
P00237,TJ-87334,Sure Major,Electronics,246.8,296.36,True,2025-05-29T09:50:43,2025-10-30T19:05:18
P00238,HI-08668,Important Eight,Grocery,136.59,235.68,True,2024-02-01T05:34:14,2024-06-19T23:25:50
P00239,XF-43517,North Shake,Apparel,336.25,420.6,True,2025-11-24T20:23:00,2026-02-02T17:09:07
P00240,MC-30469,Tv Baby,Electronics,6.74,10.57,True,2025-07-04T02:19:13,2026-01-11T23:57:46
P00241,NV-39837,Floor When,Auto,78.05,139.24,True,2025-06-08T05:11:14,2025-10-15T06:07:11
P00242,PS-03317,Pm Score,Electronics,298.73,538.51,True,2025-07-16T20:35:04,2025-09-28T21:04:16
P00243,XS-36385,Husband Man,Home,73.11,113.79,True,2024-12-04T04:42:41,2025-04-03T03:18:39
P00244,GF-85445,Man Billion,Home,315.54,433.06,True,2025-04-06T19:42:19,2026-01-30T04:36:36
P00245,AC-75355,Order Treat,Auto,283.66,516.56,True,2024-06-21T10:15:50,2025-02-02T22:47:41
P00246,LL-32048,Service Key,Healthcare,100.45,140.79,True,2025-11-26T10:56:30,2026-01-24T14:22:49
P00247,YK-42353,These Else,Apparel,173.01,212.14,True,2025-10-23T02:53:17,2025-11-27T17:12:16
P00248,UP-78547,Sister Military,Home,255.96,454.19,True,2025-06-03T00:52:37,2025-12-27T18:13:58
P00249,UI-72522,Middle Create,Electronics,195.3,298.89,True,2025-07-06T20:49:09,2025-10-07T12:14:57
P00250,QD-80801,South According,Apparel,51.19,76.83,True,2024-04-02T11:32:00,2026-02-09T07:54:51
P00251,AN-62312,Mouth Lose,Sports,266.24,332.34,True,2024-06-12T18:36:42,2024-11-08T23:46:30
P00252,QF-50997,Admit According,Auto,18.94,31.88,True,2024-08-25T08:23:14,2024-10-07T21:13:33
P00253,HU-88600,Face North,Auto,138.89,248.96,True,2024-02-17T20:20:06,2026-02-06T16:40:53
P00254,GG-40862,Need Church,Apparel,293.03,391.0,True,2025-07-11T05:24:41,2025-10-15T11:37:41
P00255,WR-33984,Stuff Industry,Home,183.25,259.01,True,2024-08-16T12:22:52,2025-08-04T15:50:30
P00256,PS-15679,Draw First,Electronics,178.13,222.18,True,2024-06-18T02:32:41,2025-04-01T06:09:11
P00257,YJ-10166,Maybe Arrive,Sports,129.97,214.72,True,2024-05-01T07:26:51,2025-04-04T23:07:30
P00258,PY-02176,Glass Others,Grocery,170.26,266.21,True,2025-10-24T00:15:02,2025-11-25T18:37:10
P00259,SK-18033,May Experience,Sports,222.19,261.61,True,2025-08-09T01:10:16,2025-09-24T16:25:38
P00260,QC-01489,Country Woman,Electronics,308.09,511.3,True,2024-10-17T06:28:38,2025-06-15T15:10:14
P00261,WT-50392,Tend Information,Healthcare,212.29,362.22,True,2026-02-24T19:42:32,2026-02-26T05:46:43
P00262,KY-14293,Research Watch,Auto,323.21,506.66,True,2024-03-11T12:24:08,2024-06-30T00:12:33
P00263,GV-85621,Half Argue,Healthcare,290.15,456.65,True,2024-06-30T19:38:02,2025-12-26T16:48:07
P00264,MX-16315,Positive Physical,Home,171.37,212.71,True,2025-09-09T00:57:49,2026-03-01T20:27:33
P00265,FO-65047,Heart On,Healthcare,132.78,156.73,True,2025-06-26T07:51:30,2026-01-14T12:22:37
P00266,FX-66296,Present Find,Home,151.79,201.6,True,2026-02-23T02:18:38,2026-02-27T13:16:12
P00267,YT-31142,Step Protect,Electronics,249.66,425.07,True,2025-08-14T03:33:00,2025-11-18T20:13:44
P00268,FA-26551,Yes Foot,Auto,146.05,178.85,True,2025-03-12T18:16:16,2025-12-11T13:36:23
P00269,FL-75412,Lawyer List,Apparel,347.17,495.83,True,2024-07-27T17:50:35,2025-12-03T05:23:35
P00270,BF-88861,Health Once,Grocery,92.55,126.3,False,2024-12-18T22:25:47,2025-02-26T21:07:47
P00271,AS-19956,Job Important,Office,159.08,260.81,True,2024-06-14T06:32:25,2025-05-26T17:39:44
P00272,KR-18398,Husband Condition,Electronics,60.45,110.33,True,2024-01-06T04:30:59,2025-09-11T13:05:04
P00273,JE-24447,Computer Learn,Apparel,81.51,98.3,True,2024-02-08T12:59:25,2025-10-28T20:33:18
P00274,XQ-46471,Yet Employee,Electronics,331.27,571.16,True,2025-10-17T14:00:12,2026-02-26T09:12:02
P00275,GI-79937,Fly According,Office,217.24,352.32,True,2025-01-03T20:00:10,2025-02-16T08:49:25
P00276,CV-65965,Law Team,Auto,236.03,338.42,True,2024-07-24T00:47:45,2024-10-02T02:35:18
P00277,SM-92459,Measure Former,Auto,124.88,214.9,True,2024-08-19T06:29:59,2025-10-06T18:00:16
P00278,KY-26547,Eight Gas,Sports,145.46,178.12,True,2024-03-15T09:21:07,2025-08-22T08:56:34
P00279,KM-64651,Person Offer,Apparel,244.5,446.52,True,2025-07-30T07:48:21,2026-02-13T14:43:29
P00280,CZ-28073,Film Theory,Electronics,171.28,227.88,True,2025-01-26T07:43:44,2025-05-23T10:26:22
P00281,PQ-16724,Reason Class,Electronics,246.78,329.29,True,2024-10-21T12:43:47,2025-12-15T10:04:35
P00282,EL-66179,Institution Nor,Sports,169.41,236.75,True,2025-08-10T05:47:43,2025-09-27T15:47:12
P00283,SZ-86805,Not Phone,Office,258.72,455.59,True,2024-07-30T06:53:15,2025-07-29T04:49:06
P00284,PN-11352,Another Order,Home,322.46,523.37,True,2025-11-10T19:00:48,2026-02-27T17:02:54
P00285,GQ-65610,Doctor Mrs,Grocery,133.06,182.4,True,2025-08-11T15:11:48,2025-12-19T08:25:14
P00286,CX-88993,Include Major,Sports,23.68,40.48,True,2025-05-04T01:32:22,2025-11-21T21:49:11
P00287,EG-98250,Find Just,Grocery,341.89,560.28,True,2025-04-16T22:00:00,2025-08-01T12:37:06
P00288,VD-11254,Still Design,Auto,129.75,227.49,True,2024-07-10T08:15:17,2025-11-04T19:21:23
P00289,CU-87571,Same Local,Sports,177.08,229.74,False,2025-12-18T11:23:54,2026-02-07T08:28:11
P00290,BV-51401,Raise Boy,Sports,342.85,558.92,True,2024-04-12T08:51:15,2025-11-01T13:54:24
P00291,KV-23828,Opportunity Last,Office,55.32,100.76,True,2024-06-02T00:11:26,2025-10-26T04:57:54
P00292,OQ-73622,Lay Individual,Auto,275.94,375.29,True,2025-07-29T01:25:06,2026-01-21T05:03:13
P00293,BY-09379,Above Sea,Apparel,169.41,269.51,False,2025-04-05T10:16:23,2025-10-06T17:35:59
P00294,GZ-33419,Try Not,Apparel,123.73,177.95,True,2024-12-25T19:12:36,2025-10-15T20:41:34
P00295,HQ-25537,Religious Travel,Sports,342.88,462.62,True,2024-11-28T16:31:49,2025-12-10T14:56:05
P00296,NZ-78596,People Build,Healthcare,216.71,319.57,True,2024-05-28T20:51:59,2025-05-08T13:40:39
P00297,RT-55792,Such Finish,Healthcare,297.87,357.43,True,2024-06-14T07:20:20,2025-04-08T22:17:38
P00298,HP-99125,Focus But,Healthcare,98.58,144.07,False,2025-01-06T18:33:28,2025-08-05T05:11:54
P00299,AM-25286,Certainly Paper,Electronics,48.14,63.27,False,2024-09-14T22:47:05,2025-04-17T05:25:06
P00300,SP-66278,Word Consumer,Home,27.01,47.67,True,2025-07-15T00:49:25,2025-11-26T02:06:16
P00301,LU-82742,Thousand Little,Sports,34.09,61.43,True,2025-02-03T07:15:47,2025-06-28T14:40:08
P00302,IM-90507,Teacher If,Sports,186.73,237.04,True,2024-02-05T11:55:58,2025-01-03T15:29:55
P00303,AT-88767,Though Life,Apparel,194.25,241.76,True,2025-12-15T05:37:38,2026-02-11T20:47:40
P00304,YW-72190,Discussion Final,Healthcare,185.59,296.51,True,2024-11-13T15:34:14,2025-12-30T02:28:19
P00305,KX-04384,Lot Others,Auto,147.21,185.34,True,2024-01-11T16:52:48,2024-05-29T11:18:30
P00306,HR-78819,Stage Of,Electronics,242.28,362.05,True,2026-02-12T09:00:49,2026-02-25T09:38:14
P00307,NB-58078,Blue Simply,Electronics,194.13,248.87,True,2025-07-28T12:15:10,2026-01-27T23:41:24
P00308,WF-34074,Leg Tree,Healthcare,81.1,97.76,True,2025-10-02T16:48:51,2025-12-10T09:41:47
P00309,TN-13395,Project Later,Apparel,147.45,257.66,True,2024-07-05T09:07:40,2025-10-14T19:28:17
P00310,ZD-29233,Over Have,Grocery,69.79,81.21,True,2024-02-20T00:11:06,2024-12-04T08:08:45
P00311,UT-84982,Final Figure,Grocery,255.85,335.92,True,2024-06-03T15:13:21,2025-08-07T09:50:51
P00312,WY-94812,Its Why,Grocery,349.3,515.07,True,2024-02-02T02:53:48,2024-06-30T01:17:49
P00313,JT-04223,Fund Them,Healthcare,29.63,43.83,True,2024-07-15T12:53:00,2024-11-16T22:15:24
P00314,OR-36729,Product Join,Grocery,90.27,166.65,True,2024-07-22T23:49:06,2026-01-06T21:13:30
P00315,GV-67116,Fall Run,Healthcare,240.1,328.57,True,2024-11-26T20:46:02,2025-12-12T17:33:07
P00316,AX-57759,Throw Significant,Apparel,171.02,232.45,True,2025-01-04T21:13:07,2025-05-04T20:27:20
P00317,ZN-17518,Laugh Thank,Electronics,62.74,84.28,True,2024-05-02T07:00:02,2025-12-18T22:30:44
P00318,VJ-37454,Participant Case,Sports,133.13,161.44,True,2024-06-10T02:43:39,2025-05-22T20:03:03
P00319,GO-97500,Step Think,Auto,227.38,373.11,True,2024-04-19T15:14:20,2025-11-11T20:48:22
P00320,DA-70127,Later Degree,Grocery,257.95,300.5,True,2025-01-21T23:08:16,2025-02-10T15:45:28
P00321,PX-24241,Enough Beautiful,Apparel,192.24,287.03,True,2025-08-03T17:22:20,2026-02-06T14:17:55
P00322,US-52064,Someone East,Sports,28.76,36.19,True,2024-10-29T17:23:29,2024-10-29T20:32:24
P00323,EE-61103,Cause Personal,Sports,309.61,490.36,False,2025-01-07T19:15:20,2026-01-11T02:42:34
P00324,SV-38700,Technology Camera,Healthcare,70.5,114.79,True,2026-02-23T04:39:18,2026-02-25T13:41:20
P00325,YF-62713,Side Sure,Home,38.21,61.56,True,2024-02-14T05:55:02,2024-09-07T03:31:12
P00326,IY-11554,Staff Tax,Home,15.98,25.56,True,2025-02-01T15:33:39,2026-01-26T18:16:03
P00327,AN-22189,Rate Community,Auto,81.15,134.1,True,2024-01-14T20:31:59,2024-04-04T14:51:40
P00328,NR-75326,Level Trade,Electronics,129.52,216.35,True,2025-03-01T22:03:52,2026-01-10T08:33:02
P00329,LU-31121,If Have,Home,292.89,352.8,True,2024-08-09T03:06:46,2025-04-02T17:24:12
P00330,PF-65234,Energy On,Office,186.54,247.0,True,2025-10-02T17:47:35,2026-01-16T23:06:49
P00331,QT-99940,Describe National,Auto,237.7,390.25,True,2025-03-13T05:50:11,2025-12-19T12:32:21
P00332,PD-98364,Step Water,Sports,189.2,297.03,True,2024-12-26T17:20:54,2025-07-04T13:48:40
P00333,FO-37613,Phone Avoid,Healthcare,290.02,399.19,True,2024-09-03T17:13:24,2025-05-21T11:28:28
P00334,YK-80552,Kitchen History,Healthcare,5.07,5.95,True,2024-10-18T00:33:08,2026-01-16T09:00:19
P00335,LE-82710,Address Everybody,Office,79.11,108.41,True,2026-03-01T08:58:35,2026-03-01T03:02:29
P00336,SO-30068,Seem More,Auto,58.86,78.61,True,2025-08-19T07:16:51,2025-11-03T02:36:25
P00337,IN-66618,Claim Fall,Office,258.32,427.91,True,2025-05-09T15:52:57,2026-02-28T03:38:41
P00338,ZJ-14183,Not General,Apparel,17.89,30.7,True,2025-01-25T01:58:49,2025-07-15T11:56:52
P00339,UP-69146,Article Election,Healthcare,148.7,261.34,True,2026-02-27T23:41:54,2026-03-01T00:40:49
P00340,MD-16179,For Reflect,Healthcare,23.67,35.91,True,2024-11-22T18:09:20,2025-08-06T22:14:09
P00341,KF-21020,Hand Necessary,Electronics,237.4,438.75,False,2025-04-01T19:36:32,2025-05-17T07:27:18
P00342,VX-84252,Tv Exist,Healthcare,56.06,77.66,True,2025-05-02T23:03:35,2025-11-22T08:05:25
P00343,HE-10564,Everyone Seem,Healthcare,271.97,337.59,True,2024-05-18T17:12:31,2025-06-26T20:36:12
P00344,XD-91778,Money Town,Office,88.6,118.4,True,2025-03-16T21:59:36,2025-04-30T03:42:26
P00345,XG-92524,Wall Painting,Healthcare,131.02,168.14,True,2024-12-18T20:01:49,2025-05-23T05:22:39
P00346,AP-13800,Any Marriage,Grocery,220.0,320.83,True,2024-08-27T21:23:09,2024-11-22T03:47:03
P00347,JZ-56220,White Send,Office,332.38,597.86,True,2024-10-21T10:44:51,2024-12-16T09:28:30
P00348,UU-63536,Experience That,Electronics,119.5,199.33,True,2024-08-04T17:33:48,2025-04-25T17:30:39
P00349,RD-19518,Country Dog,Sports,244.8,396.03,True,2025-01-20T21:33:02,2025-05-30T05:03:18
P00350,SX-80617,Through Foreign,Office,277.27,438.8,True,2024-02-24T20:00:04,2025-03-27T21:17:42
P00351,XM-51870,Film Organization,Auto,303.18,352.71,True,2025-10-26T07:24:32,2026-02-28T22:06:57
P00352,LF-49375,Spring Stand,Auto,172.21,270.02,True,2024-03-31T06:32:29,2025-10-26T22:01:02
P00353,AB-38320,Early Number,Office,323.18,440.64,True,2025-05-16T23:10:01,2025-11-09T21:22:22
P00354,VU-50506,Food Body,Apparel,86.49,158.69,True,2025-05-28T01:40:16,2025-12-12T00:35:17
P00355,DJ-38367,Seek Far,Office,57.34,101.95,True,2025-11-03T02:46:24,2026-01-08T21:39:55
P00356,SX-10386,Low Small,Office,148.98,231.07,True,2025-03-12T19:21:28,2025-12-14T04:13:41
P00357,OZ-19182,Bad Person,Sports,205.46,334.66,True,2024-07-26T09:44:45,2026-01-13T04:27:58
P00358,SQ-90623,Today Forward,Sports,231.4,357.6,True,2024-06-10T02:35:34,2024-10-09T05:20:53
P00359,OE-65574,Yet Degree,Sports,255.84,431.3,True,2025-02-27T09:28:47,2026-01-19T23:17:09
P00360,KC-29121,Man Former,Office,41.84,53.53,True,2026-02-19T19:17:38,2026-02-28T19:14:38
P00361,CT-61853,Major Evidence,Office,84.66,98.9,True,2024-03-22T15:08:32,2025-12-01T15:45:41
P00362,CN-11249,Thing Tough,Auto,68.47,97.31,True,2025-04-30T05:12:14,2025-05-16T13:48:00
P00363,ZG-52135,Appear Research,Apparel,332.82,434.59,True,2025-11-18T06:04:11,2026-01-13T19:31:44
P00364,CJ-44206,Smile Oil,Auto,304.04,538.55,True,2025-03-13T01:38:47,2025-09-23T23:20:25
P00365,HA-31712,Assume Then,Electronics,184.62,270.68,True,2024-02-13T16:34:25,2024-03-24T17:24:33
P00366,RO-32365,Writer Quite,Electronics,70.5,102.77,False,2024-11-07T09:29:10,2025-06-11T09:39:58
P00367,BE-19941,Decade Weight,Electronics,243.03,433.22,True,2025-04-19T14:05:46,2025-12-31T03:11:49
P00368,CD-72151,Apply Concern,Sports,140.61,193.54,True,2024-01-26T14:37:57,2026-01-24T06:56:29
P00369,YR-96670,Last Consider,Home,91.28,149.17,True,2025-12-29T22:46:07,2026-01-03T03:45:28
P00370,CJ-53244,Already Positive,Auto,34.43,56.64,True,2026-01-14T19:10:24,2026-02-18T12:02:49
P00371,AJ-99347,Measure Ask,Sports,319.73,494.25,True,2025-11-06T05:55:09,2025-11-28T22:03:26
P00372,MP-14626,Usually Subject,Apparel,111.78,188.69,True,2025-04-01T20:11:07,2025-06-07T06:00:39
P00373,YT-83806,Her Media,Apparel,9.21,13.8,True,2025-05-25T00:38:56,2026-02-01T07:13:37
P00374,UY-87598,Expect Couple,Grocery,161.54,235.74,True,2025-09-07T00:15:56,2026-01-25T08:39:40
P00375,ZX-05930,Fast Article,Office,21.88,27.43,True,2025-10-30T01:09:54,2025-11-03T21:36:53
P00376,KG-78593,End Realize,Apparel,119.23,144.43,True,2024-04-21T05:10:43,2025-02-06T19:42:44
P00377,KZ-34803,Important Hear,Sports,338.37,566.61,True,2025-01-03T02:49:19,2025-06-17T11:57:24
P00378,ZV-22395,Save Her,Home,266.66,464.07,True,2024-03-07T15:08:07,2026-02-16T08:21:33
P00379,JK-90599,Cup Think,Healthcare,186.0,304.5,True,2025-09-18T03:36:46,2026-02-26T16:05:30
P00380,CF-78427,Arrive Early,Apparel,152.33,265.58,True,2024-09-22T18:39:22,2025-02-01T19:36:31
P00381,AV-93087,Whose Positive,Grocery,174.91,223.17,True,2025-09-16T22:18:12,2025-09-16T03:01:29
P00382,DB-32525,Choose Peace,Home,259.43,336.0,True,2025-09-22T13:02:21,2025-12-20T17:51:40
P00383,XT-21851,Year Recognize,Office,8.9,11.49,True,2024-10-15T02:19:19,2025-07-01T17:20:49
P00384,UI-69154,Coach Sign,Electronics,44.27,61.24,True,2025-02-09T18:39:01,2025-05-09T06:21:53
P00385,SN-67528,Stop Heavy,Auto,323.19,480.06,True,2025-04-30T20:08:30,2025-07-18T20:29:57
P00386,US-39264,Financial Care,Auto,164.55,283.01,True,2026-01-30T16:19:36,2026-02-22T21:20:35
P00387,CL-20969,Play Friend,Electronics,76.85,125.25,True,2024-12-28T04:17:53,2025-01-12T10:24:40
P00388,JV-93917,Skill Bank,Sports,201.99,287.37,True,2025-09-01T09:45:54,2025-11-20T22:02:17
P00389,TQ-35521,Purpose Shoulder,Healthcare,34.95,61.65,True,2025-01-15T09:13:33,2025-06-18T05:07:23
P00390,PS-57043,Author Hard,Electronics,273.34,489.1,True,2025-03-30T00:51:30,2025-12-11T04:12:21
P00391,CU-41006,Kind Compare,Grocery,257.69,390.8,True,2024-12-01T03:52:33,2025-11-12T04:13:46
P00392,YG-67658,Them Measure,Electronics,163.48,269.67,True,2025-06-18T00:19:59,2025-07-10T21:54:38
P00393,ZC-93271,Financial Again,Home,119.98,212.66,True,2024-04-15T21:47:19,2024-05-08T18:48:19
P00394,KY-54115,College Sign,Office,115.7,148.65,True,2024-10-10T10:49:28,2025-09-18T03:17:09
P00395,NE-18159,Sea Allow,Sports,99.4,115.37,True,2025-09-29T16:06:13,2026-02-14T11:35:20
P00396,DG-62962,Glass Describe,Apparel,53.84,88.46,True,2024-10-17T07:10:04,2025-03-25T19:57:21
P00397,QS-36884,Finish Economy,Grocery,22.5,26.33,True,2025-11-22T03:24:03,2025-12-03T13:25:11
P00398,FJ-10698,Arm Herself,Grocery,217.63,297.87,True,2024-07-21T21:51:34,2024-10-09T14:36:08
P00399,EM-06149,Bill Agree,Home,285.43,512.0,True,2025-04-24T14:19:43,2025-12-18T15:14:14
P00400,HT-32417,Still Information,Sports,302.08,477.85,True,2025-01-07T05:44:58,2025-12-13T10:50:55
P00401,YL-77418,Hospital Value,Auto,161.38,189.01,True,2025-05-01T11:30:29,2025-07-27T09:49:22
P00402,QC-65270,Make Everyone,Sports,180.24,258.46,True,2026-01-01T10:35:41,2026-01-05T09:34:29
P00403,WS-34902,Region Bill,Healthcare,208.73,274.9,True,2024-09-06T05:30:24,2024-11-12T10:13:52
P00404,OJ-15869,Ask Though,Healthcare,275.59,400.91,True,2024-12-16T22:15:11,2025-11-20T21:04:47
P00405,KP-68687,Maybe Firm,Grocery,44.44,69.65,True,2024-11-29T03:52:28,2025-02-27T09:25:04
P00406,HZ-16089,Owner Research,Home,241.5,378.55,True,2025-01-23T15:41:42,2025-02-23T02:13:52
P00407,KN-92172,System Data,Sports,311.11,554.48,True,2025-10-13T04:42:09,2026-02-05T17:18:24
P00408,MO-20616,Choose They,Grocery,72.5,117.96,True,2024-11-20T18:50:58,2025-11-02T09:58:59
P00409,YJ-94511,Industry Old,Healthcare,252.64,452.37,True,2024-04-01T00:39:32,2025-05-19T04:54:18
P00410,YS-54870,Price People,Electronics,132.38,203.1,True,2024-02-24T22:35:52,2025-02-25T03:55:18
P00411,JK-86162,Per Pass,Electronics,86.16,141.44,True,2025-02-07T10:45:24,2025-09-02T12:27:34
P00412,IW-11914,Understand Item,Office,233.56,346.23,True,2024-07-11T12:53:59,2025-07-14T13:09:18
P00413,EC-46799,Consider Fact,Sports,51.33,61.61,True,2024-01-17T23:56:31,2025-11-20T13:08:05
P00414,CZ-62996,Visit Until,Sports,226.57,326.51,True,2025-04-11T19:59:27,2026-02-24T05:29:32
P00415,XB-53074,Green Television,Healthcare,195.46,286.36,True,2024-12-29T05:27:38,2025-01-01T18:31:54
P00416,OI-44471,First Six,Office,250.68,335.53,True,2025-07-13T11:02:02,2025-12-05T15:45:23
P00417,PF-75469,Cup Letter,Home,205.19,374.11,True,2024-03-22T23:46:33,2025-01-02T14:33:05
P00418,DG-36785,Strong Cold,Home,89.6,142.6,True,2025-11-10T02:43:40,2026-01-18T18:19:39
P00419,XH-14862,Until Outside,Electronics,316.74,482.88,True,2024-01-12T14:32:57,2025-05-06T18:46:21
P00420,PC-02330,Loss Apply,Healthcare,126.76,232.53,True,2024-10-28T05:02:44,2026-02-12T19:47:19
P00421,GZ-53457,Prove Wind,Apparel,26.19,38.79,True,2024-06-22T01:42:18,2024-07-19T09:31:05
P00422,MC-10357,Cost Truth,Sports,179.43,313.29,True,2024-10-11T04:39:17,2025-02-28T08:00:47
P00423,KQ-79855,Smile Then,Home,213.32,381.22,True,2026-01-26T21:28:23,2026-02-06T08:50:44
P00424,KK-14060,State Difficult,Office,172.3,294.56,True,2024-02-03T02:09:38,2024-07-09T15:48:26
P00425,GB-33346,Treatment Statement,Healthcare,87.09,126.99,True,2025-10-14T06:36:46,2026-01-10T01:41:16
P00426,ZA-07229,Door Entire,Home,23.12,34.1,True,2025-05-02T15:47:48,2026-01-29T07:24:43
P00427,WD-94466,Entire Discover,Healthcare,168.73,211.18,True,2025-03-21T09:59:51,2025-11-05T12:43:20
P00428,LG-74896,Account Much,Electronics,38.59,58.73,True,2024-12-28T19:58:41,2025-05-16T10:17:17
P00429,TR-58994,Box Meet,Home,93.09,145.12,False,2025-04-17T21:47:15,2026-02-12T06:33:21
P00430,QP-15454,Seek Wait,Sports,113.08,130.88,True,2024-01-09T00:26:06,2025-06-29T03:43:28
P00431,DZ-43283,Tough Suffer,Auto,80.7,108.81,True,2024-07-16T00:39:05,2024-09-12T19:42:57
P00432,PF-96520,Find Event,Office,332.92,531.56,True,2025-12-26T02:54:38,2026-01-11T12:42:48
P00433,TK-66609,Team Customer,Sports,314.12,514.2,True,2024-09-16T14:42:59,2024-12-02T20:29:59
P00434,GT-53875,Through Conference,Apparel,270.43,442.03,False,2025-11-14T10:16:10,2026-02-21T02:17:49
P00435,IV-82417,Evening Share,Electronics,137.07,189.55,True,2024-03-02T08:11:28,2024-05-12T15:59:12
P00436,WO-82513,Size Try,Healthcare,66.56,99.47,True,2024-05-27T13:13:39,2024-09-12T14:45:16
P00437,LS-46554,Major Today,Home,17.03,20.42,True,2026-01-15T14:01:57,2026-02-15T04:41:40
P00438,NE-17099,Marriage Visit,Electronics,326.85,527.94,True,2024-09-29T22:21:57,2025-11-03T18:00:32
P00439,TA-38168,Arm Truth,Grocery,169.96,243.51,False,2026-01-15T02:34:14,2026-01-15T12:44:52
P00440,KD-22356,Character Four,Grocery,46.82,71.39,True,2025-01-02T21:19:25,2025-01-30T20:41:05
P00441,UO-21752,Article Above,Auto,189.45,345.3,True,2024-03-23T09:41:12,2024-09-19T17:02:24
P00442,WK-74329,Might Stock,Office,108.11,153.85,True,2024-04-19T22:22:31,2024-07-14T20:28:47
P00443,ZB-12966,Me Identify,Office,53.28,68.47,True,2026-01-07T07:31:24,2026-01-11T17:41:19
P00444,AU-00835,Sometimes These,Grocery,189.21,328.09,True,2025-04-05T01:21:03,2025-09-24T23:02:25
P00445,OS-83003,Understand Guy,Home,78.03,125.45,True,2025-06-19T21:55:55,2025-09-03T23:37:14
P00446,LT-42168,Computer Attention,Home,17.72,22.13,True,2025-10-31T15:58:58,2026-01-18T01:15:44
P00447,MH-04478,Green Leader,Sports,9.96,15.86,True,2024-11-10T14:39:10,2026-01-11T18:04:52
P00448,KZ-25753,International After,Home,44.39,69.54,True,2025-09-22T02:51:12,2026-01-09T10:51:53
P00449,LG-33230,Condition Candidate,Healthcare,116.86,214.22,True,2025-08-12T04:20:53,2025-10-05T01:37:11
P00450,ND-50648,Phone Anything,Auto,26.81,35.97,True,2026-02-14T05:44:23,2026-02-19T14:15:59
P00451,CY-10016,Candidate Officer,Electronics,51.01,86.91,True,2025-10-09T12:49:10,2025-10-13T15:05:00
P00452,TA-47230,Recently Blood,Electronics,66.9,81.11,True,2025-10-29T09:26:44,2026-02-09T15:44:08
P00453,AG-84992,Much Serve,Office,54.37,72.84,True,2025-04-06T07:11:39,2025-04-25T19:11:45
P00454,FM-91411,Politics Decision,Grocery,216.16,261.9,True,2024-11-04T13:00:35,2025-03-04T06:07:33
P00455,SK-48356,Among Official,Home,218.53,383.28,True,2025-07-06T07:29:49,2025-12-13T21:13:17
P00456,AA-73753,Remain Behind,Electronics,71.83,122.66,True,2025-12-02T15:11:10,2026-02-25T01:03:41
P00457,XG-19721,Bad Several,Auto,103.35,150.3,True,2024-12-08T14:02:06,2025-12-22T01:59:34
P00458,QD-14374,Apply Black,Sports,59.53,69.67,True,2025-06-11T02:57:15,2026-01-24T18:37:20
P00459,BV-20455,Business Beyond,Healthcare,73.57,119.46,True,2024-11-29T03:20:14,2025-01-18T07:47:26
P00460,WC-00225,Pretty Executive,Office,134.56,175.53,True,2025-04-27T15:03:56,2025-12-06T04:13:59
P00461,ZZ-15521,Loss Expert,Grocery,66.43,93.76,True,2025-04-13T06:40:22,2025-08-29T06:21:08
P00462,IS-67621,She Artist,Electronics,243.81,290.56,True,2024-05-19T14:29:26,2024-11-10T10:14:56
P00463,ZK-21697,Resource Left,Apparel,213.25,363.1,True,2025-10-15T05:36:35,2025-12-12T02:26:54
P00464,BR-29659,Up This,Grocery,302.46,393.65,True,2025-04-29T08:00:46,2025-12-04T23:55:15
P00465,CC-27716,At Every,Office,117.92,183.44,True,2025-08-28T18:57:00,2025-12-12T01:02:30
P00466,OQ-50899,Tv Ground,Electronics,151.87,216.57,True,2025-12-14T14:31:15,2025-12-24T17:48:00
P00467,QU-88916,Energy Meet,Healthcare,332.73,413.55,True,2024-10-29T20:05:01,2025-07-01T21:19:10
P00468,DA-56289,Question World,Grocery,300.98,503.57,True,2024-01-25T14:49:08,2026-01-14T12:11:50
P00469,EW-28772,Million Full,Auto,221.25,363.45,True,2024-01-02T02:24:57,2025-12-09T10:33:02
P00470,OJ-35408,Question Human,Apparel,151.94,203.43,True,2025-09-19T18:50:13,2025-10-09T19:56:21
P00471,ZK-63177,Line Behavior,Electronics,182.58,326.27,True,2025-01-07T03:24:23,2025-09-02T19:02:23
P00472,VP-77517,Affect Board,Auto,65.47,100.9,True,2024-03-09T22:49:13,2024-07-28T10:15:34
P00473,AF-66088,Strong Pm,Home,228.92,381.42,True,2026-02-09T22:13:48,2026-02-16T10:22:57
P00474,PQ-94883,Loss Growth,Apparel,178.73,258.45,True,2024-02-25T11:22:28,2025-07-06T16:33:53
P00475,JX-50375,President Plan,Home,167.21,254.55,True,2025-06-29T14:39:23,2026-01-19T21:44:51
P00476,WQ-75711,Doctor Able,Home,69.98,123.78,True,2024-03-30T12:57:11,2025-01-19T02:06:10
P00477,XS-55488,Born Answer,Apparel,43.65,54.72,True,2024-06-03T16:40:01,2025-03-30T13:43:34
P00478,QN-27261,Deal Cup,Sports,168.5,243.33,True,2026-01-25T00:18:12,2026-01-29T00:55:51
P00479,TV-16373,Box Sometimes,Office,293.06,443.61,True,2024-12-09T18:21:41,2025-11-04T10:31:37
P00480,DQ-60917,Perform Mother,Grocery,163.01,252.19,True,2024-11-09T08:14:30,2025-05-18T09:49:54
P00481,JB-27080,This Pay,Electronics,56.18,75.79,True,2024-06-19T05:45:34,2025-04-07T05:11:53
P00482,UI-78292,Body Impact,Sports,60.63,74.69,True,2024-11-20T04:28:16,2025-05-28T05:13:35
P00483,AM-99586,Whole Room,Electronics,234.62,430.44,True,2024-05-31T14:34:10,2025-11-28T09:07:58
P00484,CZ-34654,Cell Certainly,Electronics,144.57,216.8,True,2024-05-28T10:09:00,2025-12-08T16:21:41
P00485,UT-69848,Since Worry,Apparel,168.5,227.96,True,2026-02-11T21:09:51,2026-03-01T23:58:59
P00486,TS-83339,Right Hair,Grocery,121.85,149.71,True,2025-05-05T04:43:35,2025-07-03T09:01:25
P00487,TH-22885,Sort He,Office,158.86,192.97,True,2024-02-26T20:12:37,2025-08-18T07:50:59
P00488,RV-87996,Wall Thought,Apparel,72.52,87.64,True,2025-04-01T21:05:32,2025-10-19T06:31:20
P00489,GB-84608,I Check,Electronics,318.41,446.65,True,2024-05-31T13:23:24,2025-06-16T00:18:22
P00490,SR-00342,Enough Child,Auto,111.29,162.7,True,2025-07-28T06:46:56,2025-11-18T23:26:51
P00491,WC-04380,Blue Power,Grocery,104.58,179.25,True,2025-03-10T13:08:53,2026-01-04T19:05:09
P00492,GY-83863,Style Success,Office,109.61,201.89,True,2025-06-21T02:59:37,2025-12-31T12:05:00
P00493,YR-40666,Form Old,Healthcare,225.39,302.32,True,2024-06-28T14:45:36,2024-11-15T06:11:53
P00494,XC-00439,Themselves Down,Healthcare,104.86,156.6,True,2024-11-05T09:31:35,2025-11-18T14:14:01
P00495,XU-59893,Daughter Financial,Electronics,58.14,79.08,True,2025-10-17T15:07:41,2025-12-29T13:11:31
P00496,VG-72122,Call Huge,Office,14.81,24.96,True,2025-05-19T19:47:23,2026-01-20T18:27:55
P00497,IK-06484,Pattern Throughout,Apparel,221.66,328.77,True,2025-12-11T11:32:46,2026-02-22T00:54:16
P00498,CJ-40572,Without Future,Sports,205.67,257.56,True,2025-04-17T04:22:10,2025-05-14T08:23:26
P00499,YK-90947,Oil Help,Auto,21.81,29.53,True,2025-10-16T16:12:49,2025-12-01T03:38:48
P00500,HE-15832,Stop Mouth,Sports,192.58,339.08,True,2025-12-02T08:43:44,2026-02-28T11:06:34
P00501,FW-26886,Do Use,Auto,289.04,335.01,True,2025-06-14T11:49:31,2026-01-10T10:58:58
P00502,NW-35554,Present Nice,Sports,40.33,50.74,True,2024-08-14T17:39:44,2026-02-03T17:45:35
P00503,CP-78015,West Quality,Home,148.98,266.86,True,2024-04-29T00:30:22,2025-03-14T22:23:08
P00504,YY-99305,You Build,Grocery,311.96,489.26,True,2026-02-20T05:45:19,2026-02-20T23:52:07
P00505,HX-64840,House My,Office,49.41,80.83,True,2025-12-05T09:08:13,2025-12-21T02:27:44
P00506,PM-87704,Full My,Home,31.82,53.85,True,2026-02-14T01:12:06,2026-02-15T21:32:37
P00507,AO-11288,Attorney Develop,Electronics,166.83,297.95,True,2024-02-14T09:42:00,2024-05-22T03:58:38
P00508,SV-36138,Stage Learn,Office,207.72,267.96,True,2025-11-17T00:05:09,2026-02-20T08:37:22
P00509,CF-12075,Back Arm,Auto,60.39,90.61,True,2026-01-16T07:32:36,2026-01-20T03:52:37
P00510,OQ-24819,Involve Important,Electronics,187.45,309.49,True,2024-10-15T17:00:46,2024-12-04T06:58:32
P00511,YR-76650,By Nor,Grocery,131.43,205.37,True,2025-03-26T03:11:53,2025-09-23T12:27:13
P00512,SE-09190,Help Without,Office,145.61,245.06,True,2024-11-17T14:07:33,2025-01-25T15:48:23
P00513,FS-81449,Southern With,Apparel,197.21,232.4,True,2024-12-01T03:24:18,2025-07-22T19:47:19
P00514,KI-76607,Discussion Century,Grocery,82.93,119.01,True,2025-03-14T02:57:53,2025-11-12T21:23:11
P00515,RY-68424,Trial Shoulder,Electronics,349.56,522.3,True,2024-04-17T14:33:42,2024-07-13T03:09:25
P00516,HC-50882,Accept Page,Healthcare,244.79,449.02,True,2026-01-29T02:23:12,2026-02-19T06:38:54
P00517,TN-96881,Smile Site,Healthcare,47.35,82.23,True,2026-01-12T08:48:45,2026-02-18T18:17:48
P00518,KL-53682,Do Practice,Healthcare,127.85,206.69,True,2025-02-18T16:17:09,2025-10-08T03:07:16
P00519,DW-43129,Work Often,Grocery,176.56,280.71,True,2024-05-17T03:47:03,2024-07-25T15:43:01
P00520,QG-78141,Decade She,Sports,137.01,222.7,True,2024-06-05T19:39:06,2024-08-22T21:48:33
P00521,QP-97552,Easy Black,Grocery,278.49,359.63,True,2025-11-08T15:32:16,2026-01-16T10:51:55
P00522,FC-49135,Get Practice,Electronics,333.64,391.07,True,2025-03-16T12:28:20,2025-09-24T14:29:02
P00523,XZ-49299,Four Later,Electronics,66.02,106.4,True,2024-11-06T05:31:27,2025-01-13T09:45:24
P00524,TV-20533,Put Least,Grocery,268.58,415.82,True,2025-05-17T17:43:34,2026-01-12T15:35:54
P00525,DC-45257,Her Stage,Sports,179.81,256.04,True,2025-05-21T12:39:43,2025-11-17T09:20:03
P00526,PM-47812,Beat Thought,Electronics,208.71,258.75,True,2025-01-10T23:37:01,2026-02-05T20:21:24
P00527,UO-42834,Ball Short,Home,152.71,281.65,True,2025-02-25T01:42:15,2025-07-01T07:41:19
P00528,LZ-10809,Specific Performance,Home,319.08,381.57,True,2024-11-08T10:10:01,2025-08-10T10:02:29
P00529,IE-30848,Ready Stage,Healthcare,200.98,357.94,True,2024-09-30T22:30:37,2024-10-22T10:24:36
P00530,US-25639,Center Majority,Healthcare,116.24,141.63,True,2025-05-15T22:43:13,2025-11-03T15:32:51
P00531,GA-88165,Recognize Edge,Auto,62.49,84.97,True,2025-03-22T15:40:54,2025-04-29T17:13:18
P00532,KL-92827,Others Others,Apparel,21.4,39.53,True,2025-02-15T19:47:05,2026-02-17T18:06:37
P00533,WF-27503,Each At,Auto,99.31,153.58,True,2025-06-27T13:13:22,2026-01-16T02:41:52
P00534,HY-45303,Herself Important,Apparel,179.1,243.56,True,2025-11-10T10:12:26,2025-12-31T08:39:32
P00535,GT-77005,Near Property,Grocery,236.69,362.92,True,2024-01-20T22:33:55,2024-07-29T18:31:13
P00536,LY-44989,Ready Human,Grocery,97.44,155.57,False,2025-09-21T13:59:36,2026-02-28T01:33:12
P00537,YO-59184,Name Into,Auto,164.56,216.93,True,2026-02-03T09:54:27,2026-02-16T10:55:53
P00538,AG-55779,Us Chair,Home,223.7,389.72,True,2024-09-30T20:10:16,2025-05-29T12:15:07
P00539,PR-72318,Development Citizen,Sports,71.21,94.13,True,2024-11-13T15:35:27,2025-06-17T20:57:02
P00540,QO-22591,Join Talk,Office,59.98,74.71,True,2024-09-21T21:35:11,2024-11-03T23:31:50
P00541,NL-51777,Color Radio,Electronics,24.09,42.82,True,2024-11-17T09:55:04,2026-02-21T13:57:23
P00542,KL-60302,College Center,Home,141.93,246.66,True,2024-05-23T03:36:47,2025-10-17T03:33:42
P00543,KQ-80920,Win Couple,Apparel,176.28,213.86,True,2025-09-06T10:21:53,2026-02-02T23:24:51
P00544,UU-86990,Recently Term,Office,327.75,426.93,True,2024-04-19T06:17:28,2025-06-11T08:55:37
P00545,EE-41379,Conference Discuss,Electronics,174.17,245.98,True,2024-04-25T17:27:30,2025-01-02T08:56:50
P00546,NQ-69292,Much Everything,Sports,130.23,215.01,True,2024-11-11T20:57:38,2024-11-28T23:42:51
P00547,EO-25799,Human Image,Electronics,243.29,414.12,True,2024-09-02T17:24:19,2025-09-08T21:07:34
P00548,GR-21038,Kind The,Office,300.89,427.84,True,2025-02-06T09:05:59,2026-02-28T07:19:13
P00549,NM-29127,American Understand,Sports,320.98,510.98,True,2026-02-24T13:50:02,2026-02-26T02:52:49
P00550,QI-88117,Week Player,Grocery,167.53,241.09,True,2024-12-06T13:56:58,2026-01-29T03:52:10
P00551,XC-80686,Save Next,Apparel,179.69,250.9,True,2025-09-08T17:47:20,2026-01-02T22:01:48
P00552,LZ-63765,Site Whatever,Electronics,226.27,289.31,True,2025-03-30T04:00:25,2025-07-10T20:19:20
P00553,EX-91624,Early Where,Home,43.24,57.28,False,2025-12-31T20:48:08,2026-02-23T19:43:26
P00554,QM-14986,Accept Security,Auto,160.76,283.17,True,2024-05-16T05:43:37,2025-04-16T09:12:05
P00555,AY-09818,Real Describe,Healthcare,131.82,187.9,True,2025-01-21T07:01:01,2025-11-02T20:39:40
P00556,BP-56512,Pay Environment,Office,317.86,582.28,True,2024-07-22T22:54:10,2024-09-10T12:39:27
P00557,NR-48695,Response Industry,Apparel,56.49,102.85,True,2024-06-23T03:00:45,2025-12-13T13:49:58
P00558,LX-36887,Operation One,Grocery,290.4,434.41,True,2024-08-17T06:12:55,2025-05-16T09:47:31
P00559,XT-74495,Information Simply,Healthcare,49.92,87.33,True,2025-09-06T09:46:43,2025-10-24T13:11:26
P00560,GN-21372,Movie Institution,Sports,14.93,27.37,True,2024-08-29T14:58:15,2025-09-11T18:43:41
P00561,YO-58902,Accept Summer,Grocery,34.58,51.12,True,2024-11-27T12:43:13,2025-11-27T12:45:27
P00562,FE-12796,Everyone Doctor,Apparel,30.2,46.5,True,2024-02-23T07:30:58,2025-02-19T19:42:51
P00563,ZN-51906,Reality Near,Electronics,6.85,10.3,True,2025-01-25T12:42:23,2025-04-02T17:02:37
P00564,CA-49027,Defense To,Sports,94.8,142.45,True,2024-12-13T04:05:20,2025-12-11T16:27:09
P00565,GH-84309,Say Each,Apparel,45.31,53.51,True,2024-05-10T08:47:23,2025-07-24T09:57:56
P00566,PA-92053,Coach Before,Apparel,216.46,364.32,True,2024-09-27T10:27:57,2025-03-14T10:47:31
P00567,LM-46566,National Administration,Sports,196.71,353.29,True,2025-10-13T01:12:09,2025-10-26T07:11:02
P00568,LW-11848,Hand Team,Grocery,94.78,155.83,True,2025-03-22T15:02:28,2025-09-20T22:35:31
P00569,ZK-43937,Above Every,Grocery,175.08,305.0,True,2024-05-31T11:05:13,2025-03-17T05:53:10
P00570,EG-26818,Financial Grow,Apparel,199.32,321.74,True,2024-08-05T00:33:49,2025-02-05T13:58:04
P00571,QS-18489,Level Huge,Office,270.05,438.52,True,2024-12-02T09:43:43,2025-02-02T12:23:37
P00572,RD-97357,Watch Peace,Home,293.76,369.45,True,2024-03-24T22:42:30,2025-07-01T20:17:38
P00573,YO-07141,Story Discussion,Electronics,118.65,140.09,True,2025-09-29T10:46:46,2026-02-21T04:13:55
P00574,IA-35658,School There,Electronics,281.54,379.54,False,2024-02-26T02:35:38,2025-03-22T02:25:16
P00575,RV-43416,Tend Guess,Sports,87.83,148.4,True,2025-02-12T00:54:13,2025-05-06T12:49:25
P00576,WN-18275,Wall Painting,Apparel,228.27,415.02,True,2024-06-06T09:31:51,2025-08-22T23:51:58
P00577,PV-42373,Effort Turn,Apparel,316.79,498.14,True,2025-01-02T03:53:23,2025-09-21T06:31:28
P00578,NW-43333,Clearly Start,Healthcare,169.37,261.53,True,2025-03-09T13:51:23,2026-01-17T05:27:40
P00579,AW-11179,Tough Number,Healthcare,37.07,55.95,True,2025-04-19T07:41:43,2025-07-07T15:33:40
P00580,FK-07595,Trouble Face,Home,105.29,153.32,True,2025-05-04T04:08:43,2025-10-04T07:33:27
P00581,OW-72846,Part Career,Apparel,201.14,308.89,True,2024-02-16T03:32:27,2025-04-13T03:29:42
P00582,CG-08678,Hand Indeed,Apparel,127.63,199.09,True,2026-02-26T00:07:47,2026-03-01T05:50:11
P00583,US-27187,Across Actually,Healthcare,20.61,29.71,True,2025-12-22T10:37:46,2026-02-18T21:28:39
P00584,XN-36915,Training Event,Apparel,122.76,220.07,True,2024-07-10T05:05:47,2025-04-01T21:06:27
P00585,EN-28434,Gun History,Electronics,7.02,8.65,True,2024-06-24T15:29:44,2025-08-12T21:47:38
P00586,SW-27636,Hotel His,Grocery,109.47,188.2,True,2025-09-23T22:43:44,2026-01-02T09:05:08
P00587,IK-64729,Rich Drop,Sports,9.79,12.03,True,2024-01-17T06:54:01,2024-08-18T15:41:09
P00588,YM-14386,Child Such,Office,155.35,246.73,True,2025-07-05T02:19:49,2025-10-31T04:30:27
P00589,FI-27026,Walk Time,Electronics,45.18,80.5,True,2026-01-26T14:31:30,2026-01-27T14:37:15
P00590,QJ-88574,Town Out,Office,106.72,184.69,True,2025-02-05T10:00:06,2025-12-24T22:27:26
P00591,NQ-06120,Maybe Those,Grocery,259.29,406.33,True,2025-07-21T01:31:25,2025-11-22T16:37:46
P00592,XJ-17545,Onto Work,Grocery,85.01,101.37,True,2024-01-20T18:20:35,2024-03-25T08:57:41
P00593,WR-45061,Police Decide,Healthcare,311.75,384.03,True,2025-09-29T11:28:44,2026-01-18T00:10:18
P00594,WU-99824,Report Mrs,Office,166.89,243.1,True,2025-06-03T18:58:43,2025-11-23T19:54:53
P00595,SD-77169,Program Check,Grocery,50.25,68.11,True,2025-12-29T13:53:43,2026-02-08T23:23:50
P00596,ZE-25699,Base Color,Grocery,280.92,489.13,True,2025-09-28T09:44:47,2025-10-20T21:30:08
P00597,TR-53554,Point Quite,Sports,73.82,116.19,True,2024-04-13T15:19:15,2024-11-13T17:03:01
P00598,HC-64759,Job Computer,Auto,308.91,432.45,True,2024-06-11T16:02:51,2024-08-15T10:27:07
P00599,VS-20234,So Base,Office,46.64,60.95,True,2024-09-21T11:49:02,2025-06-21T04:54:44
P00600,EE-32611,Official Arm,Home,248.71,447.34,True,2025-03-24T03:06:50,2026-01-30T19:50:54
