date,gross_revenue,discounts,orders,aov
2024-01-01,34373.29,2254.84,8,4296.66125
2024-01-02,78193.16000000002,5441.849999999999,24,3258.048333333334
2024-01-03,42423.98000000001,2481.7200000000003,13,3263.3830769230776
2024-01-04,67711.18,3664.9200000000005,18,3761.732222222222
2024-01-05,35262.13,2792.3900000000003,14,2518.723571428571
2024-01-06,50645.270000000004,1356.49,14,3617.519285714286
2024-01-07,76152.85,5866.1,18,4230.713888888889
2024-01-08,45538.09999999999,3021.9700000000003,14,3252.721428571428
2024-01-09,20103.4,666.73,9,2233.711111111111
2024-01-10,33130.9,2277.02,9,3681.211111111111
2024-01-11,58225.14,2311.69,15,3881.676
2024-01-12,53268.420000000006,4910.77,16,3329.2762500000003
2024-01-13,61066.820000000014,3745.0299999999997,15,4071.1213333333344
2024-01-14,44504.86,402.99,10,4450.486
2024-01-15,40479.64,2008.1499999999999,15,2698.6426666666666
2024-01-16,62064.96000000001,2515.8599999999997,19,3266.5768421052635
2024-01-17,62162.76999999999,3731.61,20,3108.1384999999996
2024-01-18,34479.2,1057.6100000000001,10,3447.9199999999996
2024-01-19,56817.07,4517.78,20,2840.8535
2024-01-20,65768.22,2844.89,21,3131.82
2024-01-21,55287.61,5291.72,16,3455.475625
2024-01-22,39065.979999999996,3083.62,13,3005.0753846153843
2024-01-23,54044.100000000006,2226.62,15,3602.9400000000005
2024-01-24,75758.67000000001,3487.4000000000005,20,3787.9335000000005
2024-01-25,42378.87000000001,1843.29,13,3259.913076923078
2024-01-26,76225.86,2628.9,17,4483.8741176470585
2024-01-27,53979.29,3998.15,19,2841.015263157895
2024-01-28,54826.23,3340.75,15,3655.0820000000003
2024-01-29,53474.39,3534.2,12,4456.199166666666
2024-01-30,28909.200000000004,1523.4199999999998,7,4129.885714285715
2024-01-31,56719.920000000006,2615.76,19,2985.2589473684216
2024-02-01,56154.950000000004,3167.9100000000003,21,2674.0452380952383
2024-02-02,47013.03,2604.9300000000003,17,2765.4723529411763
2024-02-03,36666.78,998.3,13,2820.5215384615385
2024-02-04,31684.44,2299.3599999999997,8,3960.555
2024-02-05,32725.19,2404.0,11,2975.0172727272725
2024-02-06,59744.28,3346.4399999999996,11,5431.298181818182
2024-02-07,56629.81999999999,3707.0800000000004,16,3539.3637499999995
2024-02-08,16207.7,756.92,6,2701.2833333333333
2024-02-09,45249.38999999999,2736.7900000000004,11,4113.580909090909
2024-02-10,36806.77,1478.27,9,4089.6411111111106
2024-02-11,36142.48,3172.9800000000005,12,3011.8733333333334
2024-02-12,44917.85999999999,2820.92,11,4083.441818181818
2024-02-13,50842.070000000014,2898.81,9,5649.11888888889
2024-02-14,67661.54000000002,1932.57,16,4228.846250000001
2024-02-15,52640.44,277.42,11,4785.494545454546
2024-02-16,27866.88,1422.1499999999999,9,3096.32
2024-02-17,41062.509999999995,2098.75,12,3421.875833333333
2024-02-18,60697.76,3229.84,20,3034.888
2024-02-19,33121.64,2515.26,11,3011.0581818181818
2024-02-20,57218.119999999995,4479.31,13,4401.3938461538455
2024-02-21,55653.24999999999,3602.8500000000004,16,3478.3281249999995
2024-02-22,61212.08999999999,2730.08,16,3825.7556249999993
2024-02-23,60001.51,3879.2799999999997,11,5454.682727272728
2024-02-24,39239.840000000004,1092.18,12,3269.986666666667
2024-02-25,70167.65000000001,3818.9000000000005,17,4127.508823529412
2024-02-26,44203.84,3240.72,14,3157.4171428571426
2024-02-27,30839.44,1757.63,11,2803.5854545454545
2024-02-28,47603.55,2659.0,16,2975.221875
2024-02-29,63779.42999999999,2978.8,15,4251.9619999999995
2024-03-01,34754.5,2285.51,16,2172.15625
2024-03-02,44197.66,2044.4899999999998,12,3683.138333333334
2024-03-03,55959.69999999999,3881.0699999999997,16,3497.4812499999994
2024-03-04,43908.72,3056.7,11,3991.7018181818185
2024-03-05,33027.03,1311.2900000000002,11,3002.4572727272725
2024-03-06,46757.19,2532.59,13,3596.7069230769234
2024-03-07,64511.04999999999,1835.3700000000001,18,3583.9472222222216
2024-03-08,43740.47000000001,2096.19,17,2572.9688235294125
2024-03-09,45676.22,1826.65,14,3262.587142857143
2024-03-10,37460.280000000006,2963.76,12,3121.6900000000005
2024-03-11,48813.36,2495.11,14,3486.6685714285713
2024-03-12,58389.810000000005,4531.990000000001,16,3649.3631250000003
2024-03-13,36309.63,3276.12,9,4034.403333333333
2024-03-14,62158.67,4484.280000000001,19,3271.508947368421
2024-03-15,49231.649999999994,1420.1200000000001,14,3516.5464285714284
2024-03-16,41681.020000000004,2339.11,14,2977.2157142857145
2024-03-17,54113.21000000001,4582.47,12,4509.434166666667
2024-03-18,47319.009999999995,1180.01,12,3943.250833333333
2024-03-19,78662.51,6600.16,21,3745.833809523809
2024-03-20,54760.39000000001,4082.3399999999997,14,3911.456428571429
2024-03-21,70412.69,5104.15,19,3705.931052631579
2024-03-22,40364.799999999996,4310.2300000000005,10,4036.4799999999996
2024-03-23,45496.89,2115.9500000000003,12,3791.4075
2024-03-24,71887.95,2365.62,16,4492.996875
2024-03-25,43122.43,1791.54,12,3593.5358333333334
2024-03-26,34770.98,1227.81,10,3477.0980000000004
2024-03-27,74558.54,3599.5599999999995,26,2867.636153846154
2024-03-28,29890.44,1637.2699999999998,7,4270.062857142857
2024-03-29,60189.880000000005,4598.5,17,3540.5811764705886
2024-03-30,55391.75,2019.04,16,3461.984375
2024-03-31,18404.04,1655.9199999999998,6,3067.34
2024-04-01,44980.53,3245.91,15,2998.7019999999998
2024-04-02,60561.79000000001,5341.66,17,3562.458235294118
2024-04-03,47265.420000000006,1930.05,12,3938.7850000000003
2024-04-04,49965.64,1631.3700000000001,11,4542.330909090909
2024-04-05,56812.23,3809.04,13,4370.171538461539
2024-04-06,16271.71,1244.17,7,2324.5299999999997
2024-04-07,51895.920000000006,1979.17,14,3706.851428571429
2024-04-08,23117.52,1966.24,7,3302.502857142857
2024-04-09,79703.53,3423.21,18,4427.973888888889
2024-04-10,36745.75,2998.3199999999997,11,3340.5227272727275
2024-04-11,50675.14000000001,3267.14,15,3378.342666666667
2024-04-12,31743.87,2544.2700000000004,10,3174.3869999999997
2024-04-13,45450.24999999999,2585.33,12,3787.5208333333326
2024-04-14,34669.03,1775.8799999999999,9,3852.1144444444444
2024-04-15,81290.8,5909.679999999999,21,3870.9904761904763
2024-04-16,50481.060000000005,3120.49,15,3365.4040000000005
2024-04-17,80260.28,3550.1500000000005,19,4224.225263157895
2024-04-18,61322.35999999999,3694.29,17,3607.1976470588233
2024-04-19,65070.18000000001,4845.56,18,3615.01
2024-04-20,55937.81999999999,3729.7999999999997,17,3290.4599999999996
2024-04-21,31748.98,1879.48,14,2267.7842857142855
2024-04-22,50071.13,2453.38,17,2945.360588235294
2024-04-23,68769.36,3108.03,21,3274.7314285714288
2024-04-24,48845.94,1958.5699999999997,15,3256.396
2024-04-25,54294.990000000005,2770.8999999999996,15,3619.666
2024-04-26,30293.39,2655.11,10,3029.339
2024-04-27,39531.079999999994,690.94,14,2823.648571428571
2024-04-28,71322.46999999999,6175.61,19,3753.814210526315
2024-04-29,49416.48,2182.64,16,3088.53
2024-04-30,66971.66,3613.09,16,4185.72875
2024-05-01,45949.509999999995,3658.26,12,3829.125833333333
2024-05-02,48448.939999999995,4094.1299999999997,15,3229.929333333333
2024-05-03,53443.33,3954.7500000000005,15,3562.8886666666667
2024-05-04,33183.799999999996,1618.0900000000001,12,2765.316666666666
2024-05-05,29514.5,1385.3700000000001,9,3279.3888888888887
2024-05-06,54859.66,2301.87,14,3918.547142857143
2024-05-07,30767.609999999997,1780.9099999999999,11,2797.0554545454543
2024-05-08,50592.6,3419.35,14,3613.7571428571428
2024-05-09,71890.99,4491.6,18,3993.943888888889
2024-05-10,51783.420000000006,1249.4,16,3236.4637500000003
2024-05-11,71642.38999999998,3868.54,19,3770.652105263157
2024-05-12,32814.719999999994,2266.34,12,2734.5599999999995
2024-05-13,43650.99999999999,2075.85,12,3637.5833333333326
2024-05-14,62547.52,3661.4900000000002,14,4467.679999999999
2024-05-15,34535.12,2533.65,14,2466.7942857142857
2024-05-16,35482.59999999999,4671.9,10,3548.2599999999993
2024-05-17,25860.54,978.1600000000001,6,4310.09
2024-05-18,66352.75,6480.259999999998,22,3016.034090909091
2024-05-19,29908.18,1464.08,8,3738.5225
2024-05-20,33286.549999999996,699.0899999999999,10,3328.6549999999997
2024-05-21,23944.370000000003,1459.1399999999999,8,2993.0462500000003
2024-05-22,67817.01,3064.11,22,3082.5913636363634
2024-05-23,20803.02,1032.39,7,2971.86
2024-05-24,33921.21,2424.72,13,2609.3238461538463
2024-05-25,56629.40000000001,2412.65,16,3539.3375000000005
2024-05-26,69370.13,2737.3,22,3153.1877272727274
2024-05-27,59063.46000000001,2469.6099999999997,17,3474.3211764705884
2024-05-28,59715.28,1710.59,18,3317.5155555555557
2024-05-29,80883.31999999999,3007.4,19,4257.016842105263
2024-05-30,42078.59,2778.08,12,3506.549166666666
2024-05-31,26136.399999999998,1841.6100000000001,8,3267.0499999999997
2024-06-01,64154.29000000001,2648.62,13,4934.945384615386
2024-06-02,60931.28000000001,4356.24,13,4687.021538461539
2024-06-03,36358.759999999995,1522.9399999999998,13,2796.827692307692
2024-06-04,62337.79000000001,4389.29,19,3280.936315789474
2024-06-05,34041.35,1827.45,11,3094.668181818182
2024-06-06,36734.85,1611.73,13,2825.757692307692
2024-06-07,37555.380000000005,2163.39,13,2888.875384615385
2024-06-08,58618.42,3430.17,15,3907.8946666666666
2024-06-09,94315.30999999998,4750.22,20,4715.7654999999995
2024-06-10,35190.8,2828.58,13,2706.9846153846156
2024-06-11,42825.0,4352.860000000001,10,4282.5
2024-06-12,68934.70999999999,5149.139999999999,14,4923.907857142856
2024-06-13,69265.64000000001,3733.9399999999996,17,4074.449411764707
2024-06-14,31783.22,3136.850000000001,11,2889.3836363636365
2024-06-15,48015.630000000005,3382.9200000000005,11,4365.057272727273
2024-06-16,50607.01,1084.65,15,3373.800666666667
2024-06-17,53894.19000000001,5050.0,14,3849.5850000000005
2024-06-18,71387.02999999998,2812.6400000000003,20,3569.3514999999993
2024-06-19,57530.340000000004,3987.2200000000003,19,3027.9126315789476
2024-06-20,58444.979999999996,2833.6,17,3437.9399999999996
2024-06-21,60065.72000000001,3653.7200000000003,19,3161.353684210527
2024-06-22,32419.920000000002,2034.7400000000002,10,3241.992
2024-06-23,32493.23,3337.51,12,2707.7691666666665
2024-06-24,45712.24,2553.7799999999997,13,3516.326153846154
2024-06-25,40349.44,2848.2799999999997,13,3103.8030769230772
2024-06-26,38550.77,1756.0600000000002,15,2570.0513333333333
2024-06-27,28534.61,3031.37,10,2853.4610000000002
2024-06-28,60993.79000000001,2489.89,13,4691.830000000001
2024-06-29,45074.38999999999,2917.7999999999997,13,3467.260769230769
2024-06-30,52869.61,2376.4800000000005,15,3524.6406666666667
2024-07-01,79606.74,4839.35,16,4975.42125
2024-07-02,58536.95999999999,4225.87,15,3902.4639999999995
2024-07-03,37384.89,1312.02,10,3738.489
2024-07-04,18606.440000000002,772.68,6,3101.0733333333337
2024-07-05,57444.840000000004,3169.73,19,3023.4126315789476
2024-07-06,58578.030000000006,5054.370000000001,21,2789.4300000000003
2024-07-07,52391.14000000001,2653.2599999999993,18,2910.618888888889
2024-07-08,53439.55,3697.2,15,3562.6366666666668
2024-07-09,88473.04000000002,5760.59,24,3686.3766666666675
2024-07-10,48111.98999999999,4125.85,17,2830.117058823529
2024-07-11,78942.16,3801.5199999999995,19,4154.8505263157895
2024-07-12,42742.46,1390.7099999999998,13,3287.881538461538
2024-07-13,46548.02,2347.39,11,4231.638181818182
2024-07-14,97764.24999999999,2916.38,24,4073.510416666666
2024-07-15,50303.56999999999,5121.8099999999995,12,4191.964166666666
2024-07-16,75444.68999999999,4800.650000000001,24,3143.5287499999995
2024-07-17,37320.04,2932.4500000000003,9,4146.671111111111
2024-07-18,40499.96000000001,2015.1399999999999,10,4049.9960000000005
2024-07-19,61460.240000000005,3243.18,11,5587.294545454546
2024-07-20,64511.200000000004,3774.42,14,4607.942857142857
2024-07-21,41038.7,3397.02,13,3156.8230769230768
2024-07-22,39238.33,967.11,12,3269.8608333333336
2024-07-23,43794.840000000004,3025.8,11,3981.349090909091
2024-07-24,30213.789999999997,1835.81,13,2324.1376923076923
2024-07-25,47636.979999999996,2316.88,11,4330.634545454545
2024-07-26,32496.109999999997,2186.3199999999997,10,3249.611
2024-07-27,56577.590000000004,3343.31,16,3536.0993750000002
2024-07-28,68719.2,3678.7900000000004,20,3435.96
2024-07-29,61336.15999999999,2895.69,19,3228.2189473684207
2024-07-30,44146.740000000005,4567.26,12,3678.8950000000004
2024-07-31,56642.549999999996,1370.13,14,4045.8964285714283
2024-08-01,53247.72,2062.0,14,3803.4085714285716
2024-08-02,38165.02,2543.6,12,3180.418333333333
2024-08-03,58411.76,4055.9300000000003,16,3650.735
2024-08-04,56992.76999999999,3555.9800000000005,17,3352.5158823529405
2024-08-05,33790.64,1631.6100000000001,17,1987.684705882353
2024-08-06,58051.87000000001,4252.139999999999,14,4146.562142857144
2024-08-07,34696.28,2723.42,11,3154.2072727272725
2024-08-08,42597.8,2467.96,14,3042.7000000000003
2024-08-09,65537.50000000001,4919.17,16,4096.093750000001
2024-08-10,41895.439999999995,2215.27,12,3491.2866666666664
2024-08-11,37180.4,1766.77,13,2860.0307692307692
2024-08-12,41555.93000000001,3074.8999999999996,12,3462.9941666666673
2024-08-13,46068.50000000001,2968.19,16,2879.2812500000005
2024-08-14,57010.46,2718.4,14,4072.175714285714
2024-08-15,51016.43,1606.53,13,3924.340769230769
2024-08-16,64726.170000000006,3203.4,16,4045.3856250000003
2024-08-17,54537.00000000001,4283.7,14,3895.5000000000005
2024-08-18,48950.880000000005,4208.509999999999,15,3263.3920000000003
2024-08-19,46160.84,3712.14,13,3550.833846153846
2024-08-20,28167.49,2159.29,11,2560.680909090909
2024-08-21,51118.53999999999,2567.5499999999997,18,2839.9188888888884
2024-08-22,43196.649999999994,2446.95,10,4319.664999999999
2024-08-23,32959.72,2629.95,10,3295.972
2024-08-24,38418.64000000001,2157.63,11,3492.603636363637
2024-08-25,54713.670000000006,3209.67,18,3039.6483333333335
2024-08-26,47540.73,2022.41,15,3169.382
2024-08-27,69393.55,4622.55,18,3855.1972222222225
2024-08-28,48058.88,2525.65,17,2826.9929411764706
2024-08-29,56925.33999999999,3319.68,19,2996.070526315789
2024-08-30,45231.100000000006,2517.19,17,2660.652941176471
2024-08-31,28368.539999999997,2151.55,11,2578.9581818181814
2024-09-01,36684.32,790.43,14,2620.308571428571
2024-09-02,30523.749999999996,2279.1700000000005,14,2180.267857142857
2024-09-03,59083.909999999996,1781.1,14,4220.279285714286
2024-09-04,42014.78,1671.7699999999998,15,2800.985333333333
2024-09-05,42403.87000000001,1887.5700000000002,14,3028.8478571428577
2024-09-06,52872.95,2388.64,13,4067.1499999999996
2024-09-07,47012.00000000001,1415.7799999999997,18,2611.7777777777783
2024-09-08,43844.610000000015,4596.330000000001,15,2922.974000000001
2024-09-09,40317.079999999994,3386.98,10,4031.7079999999996
2024-09-10,63299.76000000001,3914.3799999999997,15,4219.984
2024-09-11,16647.73,1235.87,7,2378.247142857143
2024-09-12,31706.95,2786.3799999999997,12,2642.2458333333334
2024-09-13,43862.65000000001,2456.6900000000005,14,3133.0464285714293
2024-09-14,36099.409999999996,2030.83,14,2578.5292857142854
2024-09-15,33822.21,1044.35,10,3382.221
2024-09-16,51839.01,2375.87,16,3239.938125
2024-09-17,53882.770000000004,3155.83,15,3592.184666666667
2024-09-18,27245.69,1773.7400000000002,11,2476.880909090909
2024-09-19,43229.439999999995,2259.6400000000003,10,4322.9439999999995
2024-09-20,57286.8,3655.06,15,3819.1200000000003
2024-09-21,58304.78999999999,3320.41,16,3644.0493749999996
2024-09-22,54634.39,5239.37,18,3035.2438888888887
2024-09-23,33307.3,2588.8999999999996,13,2562.1000000000004
2024-09-24,50385.81,3374.9700000000003,15,3359.0539999999996
2024-09-25,36169.200000000004,3569.4500000000003,10,3616.9200000000005
2024-09-26,35366.92,1661.31,11,3215.1745454545453
2024-09-27,37559.78,1481.27,11,3414.5254545454545
2024-09-28,57292.72,3271.33,18,3182.928888888889
2024-09-29,34645.66,1544.69,11,3149.605454545455
2024-09-30,66653.34999999999,5351.56,21,3173.969047619047
2024-10-01,36821.59,2400.0,10,3682.1589999999997
2024-10-02,43921.05,3325.24,11,3992.8227272727277
2024-10-03,48899.21000000001,3191.0,11,4445.382727272728
2024-10-04,37515.89,2220.0099999999998,13,2885.837692307692
2024-10-05,67244.31999999999,2107.0,14,4803.165714285714
2024-10-06,20922.100000000002,1380.71,7,2988.871428571429
2024-10-07,35987.25,2057.96,10,3598.725
2024-10-08,64279.229999999996,3996.7199999999993,22,2921.7831818181817
2024-10-09,35869.719999999994,1200.76,14,2562.122857142857
2024-10-10,29029.920000000002,3452.4500000000003,13,2233.070769230769
2024-10-11,46306.54000000001,2852.81,13,3562.041538461539
2024-10-12,45009.82000000001,1546.19,11,4091.801818181819
2024-10-13,36581.56,883.01,14,2612.968571428571
2024-10-14,67609.01,6164.5599999999995,21,3219.4766666666665
2024-10-15,66310.90000000001,3385.4399999999996,18,3683.9388888888893
2024-10-16,38221.579999999994,2654.16,12,3185.131666666666
2024-10-17,53845.94,4198.29,20,2692.297
2024-10-18,34523.92,2467.35,12,2876.9933333333333
2024-10-19,34864.72,2027.54,11,3169.52
2024-10-20,33562.48,2534.1099999999997,11,3051.134545454546
2024-10-21,64127.630000000005,3733.15,17,3772.213529411765
2024-10-22,53628.65000000001,5368.4800000000005,15,3575.243333333334
2024-10-23,69679.1,5082.260000000001,18,3871.0611111111116
2024-10-24,29117.28,2205.13,10,2911.728
2024-10-25,55906.88,2508.2299999999996,16,3494.18
2024-10-26,37215.19,2932.4,10,3721.5190000000002
2024-10-27,58715.64,2891.93,17,3453.8611764705884
2024-10-28,23217.99,2315.5899999999997,11,2110.7263636363637
2024-10-29,44818.020000000004,714.01,12,3734.8350000000005
2024-10-30,32049.170000000002,2979.09,10,3204.9170000000004
2024-10-31,30130.19,1205.9900000000002,13,2317.706923076923
2024-11-01,78157.67000000001,6233.0199999999995,17,4597.510000000001
2024-11-02,62337.819999999985,3683.28,19,3280.9378947368414
2024-11-03,46010.54000000001,1806.9399999999998,14,3286.4671428571432
2024-11-04,39169.22,1330.05,14,2797.8014285714285
2024-11-05,31951.249999999996,1162.6,9,3550.1388888888887
2024-11-06,76850.14,5670.219999999999,18,4269.452222222222
2024-11-07,39765.85,1877.72,13,3058.9115384615384
2024-11-08,18047.58,297.05,7,2578.2257142857147
2024-11-09,85064.93,4572.429999999999,24,3544.372083333333
2024-11-10,39498.55,2307.43,16,2468.659375
2024-11-11,59560.15,4761.69,16,3722.509375
2024-11-12,40137.3,2567.2200000000003,12,3344.775
2024-11-13,54379.409999999996,4148.83,17,3198.7888235294117
2024-11-14,52819.899999999994,2724.8199999999997,14,3772.8499999999995
2024-11-15,66130.13000000002,3948.9900000000007,19,3480.533157894738
2024-11-16,30426.549999999996,1496.44,11,2766.0499999999997
2024-11-17,46387.630000000005,4167.09,15,3092.508666666667
2024-11-18,26888.719999999998,1651.3,9,2987.635555555555
2024-11-19,56543.57000000001,3691.1200000000003,18,3141.309444444445
2024-11-20,78845.37999999999,4878.8,20,3942.2689999999993
2024-11-21,57422.45000000001,3312.62,16,3588.9031250000007
2024-11-22,28262.899999999998,1621.99,9,3140.322222222222
2024-11-23,36434.479999999996,2599.7299999999996,12,3036.2066666666665
2024-11-24,50708.85,2344.98,17,2982.8735294117646
2024-11-25,32076.219999999998,2202.18,9,3564.0244444444443
2024-11-26,41129.42999999999,428.20000000000005,12,3427.4524999999994
2024-11-27,36603.979999999996,3154.94,10,3660.3979999999997
2024-11-28,39892.56,3021.0899999999997,10,3989.256
2024-11-29,74498.42,3409.7799999999997,18,4138.801111111111
2024-11-30,40868.83,1850.3600000000001,11,3715.348181818182
2024-12-01,73304.39,4566.68,20,3665.2195
2024-12-02,44491.939999999995,3175.47,13,3422.4569230769225
2024-12-03,43181.520000000004,1497.92,9,4797.946666666667
2024-12-04,69043.38,4566.530000000001,19,3633.8621052631584
2024-12-05,50942.41999999999,2613.62,10,5094.241999999999
2024-12-06,63639.75,5279.17,21,3030.464285714286
2024-12-07,28006.239999999998,1490.31,9,3111.804444444444
2024-12-08,41654.41,1836.5700000000002,14,2975.315
2024-12-09,50971.020000000004,2756.6499999999996,13,3920.847692307693
2024-12-10,69368.09,6442.29,19,3650.9521052631576
2024-12-11,65218.39000000001,5705.769999999999,19,3432.5468421052633
2024-12-12,69161.54999999999,3298.5099999999998,17,4068.3264705882348
2024-12-13,61343.81,3492.53,18,3407.9894444444444
2024-12-14,51956.47,2201.42,14,3711.1764285714285
2024-12-15,28693.29,2692.5200000000004,10,2869.329
2024-12-16,54205.45,3851.04,16,3387.840625
2024-12-17,32941.600000000006,2611.7200000000003,14,2352.971428571429
2024-12-18,36891.6,3307.19,11,3353.781818181818
2024-12-19,46068.83,3831.04,14,3290.6307142857145
2024-12-20,45626.61,2235.68,15,3041.774
2024-12-21,52424.37999999999,4069.94,12,4368.698333333333
2024-12-22,24456.329999999998,1121.9000000000003,11,2223.302727272727
2024-12-23,34027.53,620.6399999999999,8,4253.44125
2024-12-24,49091.259999999995,3851.449999999999,15,3272.7506666666663
2024-12-25,54848.25000000001,2948.16,22,2493.102272727273
2024-12-26,50342.720000000016,3543.8300000000004,15,3356.1813333333344
2024-12-27,45563.44000000001,2592.7900000000004,12,3796.9533333333343
2024-12-28,42671.88,3052.1299999999997,13,3282.4523076923074
2024-12-29,47828.05,3595.2700000000004,14,3416.289285714286
2024-12-30,73651.6,4034.6199999999994,20,3682.5800000000004
2024-12-31,43061.84,3495.0299999999997,14,3075.845714285714
2025-01-01,93525.92999999998,5107.450000000001,22,4251.178636363636
2025-01-02,46284.46000000001,4600.009999999999,14,3306.0328571428577
2025-01-03,26576.05,1163.9299999999998,9,2952.894444444444
2025-01-04,90996.15999999997,6209.3600000000015,22,4136.18909090909
2025-01-05,63403.73,2445.87,16,3962.733125
2025-01-06,28167.07,2538.73,8,3520.88375
2025-01-07,55423.39,4573.46,19,2917.0205263157895
2025-01-08,30246.260000000002,2613.5,10,3024.626
2025-01-09,47059.020000000004,2713.59,13,3619.9246153846157
2025-01-10,44103.79,3514.17,13,3392.599230769231
2025-01-11,61497.33,2325.4900000000002,18,3416.5183333333334
2025-01-12,46670.450000000004,2713.8900000000003,17,2745.3205882352945
2025-01-13,89379.94000000002,3809.0899999999997,27,3310.368148148149
2025-01-14,41604.329999999994,3169.55,10,4160.432999999999
2025-01-15,30173.88,2083.7799999999997,10,3017.388
2025-01-16,70258.65000000001,7566.1,17,4132.861764705883
2025-01-17,57120.64,2754.2700000000004,18,3173.3688888888887
2025-01-18,47985.38,2328.53,14,3427.5271428571427
2025-01-19,49833.76000000001,2507.5299999999997,12,4152.813333333334
2025-01-20,87747.09,6039.04,23,3815.0908695652174
2025-01-21,50762.759999999995,2908.21,13,3904.827692307692
2025-01-22,42594.73,2857.44,11,3872.2481818181823
2025-01-23,51989.9,4416.91,13,3999.223076923077
2025-01-24,48088.130000000005,1244.85,13,3699.0869230769235
2025-01-25,24502.02,1800.03,9,2722.4466666666667
2025-01-26,40019.14,1536.38,12,3334.9283333333333
2025-01-27,31542.130000000005,1570.04,10,3154.2130000000006
2025-01-28,32735.680000000008,2716.99,12,2727.973333333334
2025-01-29,54081.270000000004,5134.130000000001,16,3380.0793750000003
2025-01-30,54695.49,4371.9,16,3418.468125
2025-01-31,51341.39,4974.12,15,3422.7593333333334
2025-02-01,62431.55000000001,3405.82,18,3468.419444444445
2025-02-02,49578.61,1789.06,10,4957.861
2025-02-03,53786.130000000005,4358.02,19,2830.8489473684212
2025-02-04,47769.71999999999,3089.75,15,3184.6479999999992
2025-02-05,56513.49999999999,2232.13,16,3532.0937499999995
2025-02-06,43354.92999999999,3037.78,12,3612.910833333333
2025-02-07,44905.50000000001,2355.39,14,3207.5357142857147
2025-02-08,52781.5,6326.039999999999,13,4060.1153846153848
2025-02-09,79071.34000000003,3939.0199999999995,25,3162.853600000001
2025-02-10,45527.520000000004,3161.67,13,3502.1169230769233
2025-02-11,44530.98,2684.3999999999996,14,3180.784285714286
2025-02-12,73127.58,4353.09,21,3482.2657142857142
2025-02-13,69508.08,4304.87,16,4344.255
2025-02-14,48413.82,4237.82,14,3458.13
2025-02-15,47430.19000000001,1732.69,12,3952.5158333333343
2025-02-16,51183.549999999996,3522.2200000000003,11,4653.049999999999
2025-02-17,44330.840000000004,1756.94,8,5541.3550000000005
2025-02-18,62708.37,3455.75,16,3919.273125
2025-02-19,39811.03,3565.0899999999997,15,2654.0686666666666
2025-02-20,84133.67,5277.13,22,3824.257727272727
2025-02-21,39292.65,1955.6,15,2619.51
2025-02-22,44358.83,2734.92,14,3168.487857142857
2025-02-23,58633.92,4497.4,17,3449.054117647059
2025-02-24,50877.07,4795.17,14,3634.0764285714286
2025-02-25,61457.68,4996.9,17,3615.1576470588234
2025-02-26,49548.39,3799.6,13,3811.4146153846154
2025-02-27,62221.080000000016,3044.67,15,4148.072000000001
2025-02-28,52430.47000000001,3523.7099999999996,14,3745.033571428572
2025-03-01,54854.87,2354.3999999999996,14,3918.2050000000004
2025-03-02,69426.26000000001,2351.22,18,3857.014444444445
2025-03-03,50085.81,3050.77,15,3339.0539999999996
2025-03-04,63151.82,4271.099999999999,17,3714.8129411764708
2025-03-05,78538.06999999999,3452.39,22,3569.9122727272725
2025-03-06,35236.62,1004.28,11,3203.329090909091
2025-03-07,48408.61,2657.8199999999997,13,3723.7392307692307
2025-03-08,70051.12999999999,3620.7099999999996,23,3045.7013043478255
2025-03-09,50864.8,4960.499999999999,16,3179.05
2025-03-10,32441.76,2813.17,9,3604.64
2025-03-11,42365.89,2737.52,12,3530.4908333333333
2025-03-12,47263.67,3139.89,15,3150.911333333333
2025-03-13,59882.240000000005,2472.19,17,3522.4847058823534
2025-03-14,100220.12999999999,6826.37,21,4772.387142857142
2025-03-15,55400.55,4565.980000000001,10,5540.055
2025-03-16,50601.66,2670.8199999999997,13,3892.435384615385
2025-03-17,66457.89,3773.33,20,3322.8945
2025-03-18,19234.809999999998,843.36,8,2404.3512499999997
2025-03-19,39697.37,3119.83,13,3053.6438461538464
2025-03-20,63154.84000000001,4739.169999999999,17,3714.9905882352946
2025-03-21,64329.939999999995,4026.6000000000004,17,3784.1141176470587
2025-03-22,69065.54,3812.5600000000004,23,3002.849565217391
2025-03-23,58720.759999999995,1662.85,14,4194.339999999999
2025-03-24,44874.50000000001,2085.68,16,2804.6562500000005
2025-03-25,25080.65,1787.1299999999999,9,2786.738888888889
2025-03-26,18058.260000000002,1991.4799999999998,9,2006.4733333333336
2025-03-27,43925.44,1891.33,9,4880.604444444445
2025-03-28,46107.030000000006,2942.3999999999996,13,3546.6946153846156
2025-03-29,89800.26999999999,7682.360000000001,25,3592.0107999999996
2025-03-30,48690.53999999999,2980.2599999999993,15,3246.0359999999996
2025-03-31,58773.47,4036.69,19,3093.3405263157897
2025-04-01,73752.53,5310.33,23,3206.6317391304347
2025-04-02,43921.170000000006,880.4499999999999,13,3378.5515384615387
2025-04-03,48755.33,3084.58,14,3482.5235714285714
2025-04-04,58699.68000000001,1672.9699999999998,14,4192.834285714286
2025-04-05,45334.01999999999,3775.3399999999997,15,3022.267999999999
2025-04-06,27821.32,2140.7100000000005,9,3091.257777777778
2025-04-07,53372.29000000001,2753.4700000000003,13,4105.560769230769
2025-04-08,51034.98999999999,3123.38,16,3189.6868749999994
2025-04-09,17266.469999999998,1682.61,7,2466.638571428571
2025-04-10,42083.240000000005,1472.4699999999998,11,3825.7490909090916
2025-04-11,37599.64,1487.2399999999998,11,3418.149090909091
2025-04-12,71796.64,4405.21,16,4487.29
2025-04-13,48045.88999999999,1421.0700000000002,15,3203.0593333333327
2025-04-14,82630.28,3219.9199999999996,19,4348.962105263158
2025-04-15,95127.44999999997,5632.740000000001,24,3963.643749999999
2025-04-16,41798.54000000001,1500.49,11,3799.8672727272733
2025-04-17,48553.47,2840.18,13,3734.8823076923077
2025-04-18,59495.08,4954.29,17,3499.7105882352944
2025-04-19,56303.76,3907.03,16,3518.985
2025-04-20,29725.97,1478.75,11,2702.360909090909
2025-04-21,52280.810000000005,1968.38,14,3734.343571428572
2025-04-22,47331.54000000001,2441.56,12,3944.2950000000005
2025-04-23,19242.52,1779.9700000000003,10,1924.252
2025-04-24,36579.4,2453.7,14,2612.8142857142857
2025-04-25,45984.8,1476.22,11,4180.436363636364
2025-04-26,48155.08,2322.2799999999997,13,3704.236923076923
2025-04-27,46023.22000000001,3865.3900000000003,15,3068.214666666667
2025-04-28,69687.16,3971.5799999999995,21,3318.436190476191
2025-04-29,25139.05,2347.85,8,3142.38125
2025-04-30,43837.950000000004,2696.15,10,4383.795
2025-05-01,43356.22,1851.04,11,3941.4745454545455
2025-05-02,35803.29,3304.13,13,2754.099230769231
2025-05-03,49733.439999999995,3576.8799999999997,15,3315.5626666666662
2025-05-04,43057.3,2896.37,15,2870.4866666666667
2025-05-05,30297.840000000004,1116.28,12,2524.82
2025-05-06,70112.75000000001,3126.59,16,4382.046875000001
2025-05-07,86458.84,3185.8499999999995,18,4803.268888888889
2025-05-08,40562.420000000006,2345.03,10,4056.2420000000006
2025-05-09,47359.8,2195.6899999999996,17,2785.8705882352942
2025-05-10,49874.05,3978.1800000000003,11,4534.004545454546
2025-05-11,64619.030000000006,3461.77,18,3589.9461111111113
2025-05-12,59498.08,2538.93,16,3718.63
2025-05-13,65315.490000000005,3709.46,14,4665.392142857143
2025-05-14,57496.94000000001,3272.9100000000008,13,4422.841538461539
2025-05-15,50847.91999999999,3206.05,14,3631.994285714285
2025-05-16,56587.34,3796.1400000000003,16,3536.70875
2025-05-17,8914.79,391.75,4,2228.6975
2025-05-18,32338.379999999997,1077.1299999999999,11,2939.852727272727
2025-05-19,49170.579999999994,1890.42,11,4470.052727272727
2025-05-20,36233.29,1823.1599999999999,12,3019.4408333333336
2025-05-21,53158.04000000001,2156.28,16,3322.3775000000005
2025-05-22,23483.309999999998,851.8499999999999,7,3354.758571428571
2025-05-23,84191.59999999999,3951.67,22,3826.8909090909087
2025-05-24,52783.420000000006,3541.1799999999994,17,3104.90705882353
2025-05-25,26448.25,1586.7,12,2204.0208333333335
2025-05-26,53548.31,4133.66,14,3824.8792857142857
2025-05-27,57847.41999999999,1677.6000000000004,15,3856.494666666666
2025-05-28,41768.32000000001,3122.41,10,4176.832
2025-05-29,43057.62,3410.66,12,3588.135
2025-05-30,62083.01,4526.21,15,4138.867333333334
2025-05-31,40667.0,1799.9700000000003,12,3388.9166666666665
2025-06-01,55705.58,711.48,12,4642.131666666667
2025-06-02,83603.82,6829.4,16,5225.23875
2025-06-03,50826.18000000001,1415.72,15,3388.4120000000007
2025-06-04,49543.90000000001,2184.87,14,3538.850000000001
2025-06-05,49211.850000000006,2639.0,11,4473.804545454546
2025-06-06,39634.39000000001,3441.81,11,3603.126363636364
2025-06-07,41808.149999999994,2300.6000000000004,14,2986.2964285714284
2025-06-08,28828.03,869.5899999999999,10,2882.803
2025-06-09,44179.55,3937.6800000000003,17,2598.7970588235294
2025-06-10,27200.030000000002,2870.13,11,2472.73
2025-06-11,69665.21,3436.69,17,4097.953529411765
2025-06-12,34905.11,3213.4599999999996,10,3490.511
2025-06-13,27898.63,1573.1799999999998,6,4649.7716666666665
2025-06-14,66412.71,3936.87,19,3495.4057894736848
2025-06-15,8475.95,0.0,2,4237.975
2025-06-16,74368.45,4032.0000000000005,21,3541.3547619047617
2025-06-17,66294.51999999999,2565.1199999999994,16,4143.407499999999
2025-06-18,53490.990000000005,1399.3299999999997,17,3146.528823529412
2025-06-19,59142.75,3373.91,17,3478.985294117647
2025-06-20,39372.89,2560.63,13,3028.683846153846
2025-06-21,45892.43,2685.65,13,3530.186923076923
2025-06-22,64648.61,2451.73,20,3232.4305
2025-06-23,70643.90999999999,3233.84,21,3363.995714285714
2025-06-24,53864.829999999994,3590.24,15,3590.988666666666
2025-06-25,61096.219999999994,4733.58,14,4364.015714285714
2025-06-26,28233.880000000005,1576.63,9,3137.0977777777784
2025-06-27,50139.200000000004,1841.51,17,2949.364705882353
2025-06-28,29499.61,1129.62,8,3687.45125
2025-06-29,55054.17999999999,3617.1099999999997,14,3932.441428571428
2025-06-30,65955.70999999999,4478.67,15,4397.047333333333
2025-07-01,28903.090000000004,3950.78,9,3211.454444444445
2025-07-02,41371.91,3708.2,16,2585.744375
2025-07-03,55397.96000000001,1605.35,17,3258.703529411765
2025-07-04,42138.87,1881.73,10,4213.887000000001
2025-07-05,40986.479999999996,2593.7499999999995,13,3152.8061538461534
2025-07-06,40366.329999999994,5012.82,12,3363.8608333333327
2025-07-07,25641.889999999996,909.7900000000001,9,2849.0988888888883
2025-07-08,43476.5,3077.16,11,3952.409090909091
2025-07-09,43681.560000000005,2639.8599999999997,17,2569.503529411765
2025-07-10,45582.10999999999,3835.21,16,2848.8818749999996
2025-07-11,64743.229999999996,3484.3399999999997,19,3407.5384210526313
2025-07-12,35644.59,4545.99,10,3564.459
2025-07-13,46895.880000000005,2000.8799999999999,11,4263.261818181819
2025-07-14,24081.72,1726.9099999999999,7,3440.2457142857143
2025-07-15,52694.689999999995,4575.91,17,3099.687647058823
2025-07-16,31685.89,1744.4500000000003,11,2880.5354545454543
2025-07-17,33971.780000000006,2171.3,11,3088.343636363637
2025-07-18,40914.98,1904.88,12,3409.581666666667
2025-07-19,62663.450000000004,3416.92,21,2983.97380952381
2025-07-20,52701.170000000006,2947.49,13,4053.9361538461544
2025-07-21,17642.88,1163.23,5,3528.576
2025-07-22,20316.329999999998,1267.4299999999998,6,3386.055
2025-07-23,45867.880000000005,2917.3699999999994,16,2866.7425000000003
2025-07-24,35153.36,3726.2400000000007,11,3195.76
2025-07-25,102052.34000000003,7343.49,24,4252.180833333335
2025-07-26,63541.90999999999,4942.73,12,5295.159166666665
2025-07-27,44727.35,3180.73,13,3440.5653846153846
2025-07-28,74888.71,6279.43,18,4160.483888888889
2025-07-29,61154.130000000005,4310.090000000001,16,3822.1331250000003
2025-07-30,53805.33000000001,2758.7299999999996,16,3362.8331250000006
2025-07-31,56821.66000000001,4418.25,16,3551.3537500000007
2025-08-01,57397.06,1681.2700000000002,15,3826.4706666666666
2025-08-02,47211.799999999996,719.49,14,3372.2714285714283
2025-08-03,48059.759999999995,3136.0699999999997,17,2827.0447058823524
2025-08-04,56653.799999999996,3811.5000000000005,14,4046.7
2025-08-05,37295.92,2160.2,13,2868.916923076923
2025-08-06,56624.270000000004,2168.1200000000003,13,4355.713076923077
2025-08-07,48557.950000000004,1691.8799999999999,13,3735.2269230769234
2025-08-08,44113.76000000001,3058.6800000000003,12,3676.1466666666674
2025-08-09,56382.16,4170.96,23,2451.3982608695655
2025-08-10,44580.37,2670.9,11,4052.7609090909095
2025-08-11,48815.57,2624.2,13,3755.043846153846
2025-08-12,41841.85,1580.5,11,3803.8045454545454
2025-08-13,61449.42,4155.0,15,4096.628
2025-08-14,31021.639999999996,2775.19,11,2820.1490909090903
2025-08-15,62448.11,3889.9700000000007,16,3903.006875
2025-08-16,83728.57,4880.24,20,4186.4285
2025-08-17,41534.59,1384.75,12,3461.215833333333
2025-08-18,52886.13,1701.58,19,2783.480526315789
2025-08-19,38704.5,1926.7800000000002,13,2977.269230769231
2025-08-20,21413.71,2145.46,6,3568.9516666666664
2025-08-21,42398.75000000001,4010.3900000000003,16,2649.9218750000005
2025-08-22,71921.31,5858.129999999999,20,3596.0654999999997
2025-08-23,87471.56,6586.110000000001,21,4165.31238095238
2025-08-24,55025.659999999996,2826.12,14,3930.4042857142854
2025-08-25,88309.63,4821.8099999999995,19,4647.875263157895
2025-08-26,37476.729999999996,1589.06,9,4164.081111111111
2025-08-27,47571.950000000004,1612.98,12,3964.329166666667
2025-08-28,27505.530000000002,1073.1599999999999,9,3056.17
2025-08-29,45145.72,2699.3799999999997,10,4514.572
2025-08-30,24504.91,1694.47,10,2450.491
2025-08-31,50506.84,2992.8999999999996,13,3885.1415384615384
2025-09-01,39776.090000000004,3952.3999999999996,12,3314.674166666667
2025-09-02,38607.28999999999,2456.76,10,3860.7289999999994
2025-09-03,42900.75,1794.32,16,2681.296875
2025-09-04,22533.83,281.62,9,2503.758888888889
2025-09-05,45388.07000000001,1981.62,17,2669.8864705882356
2025-09-06,58717.95,2722.63,18,3262.108333333333
2025-09-07,47995.420000000006,3735.86,14,3428.244285714286
2025-09-08,21912.41,1473.96,10,2191.241
2025-09-09,42182.36,3061.9900000000002,12,3515.1966666666667
2025-09-10,46705.51000000001,2469.51,11,4245.955454545456
2025-09-11,51901.87,2856.15,17,3053.0511764705884
2025-09-12,55833.439999999995,3507.6000000000004,14,3988.102857142857
2025-09-13,62463.16,4555.75,16,3903.9475
2025-09-14,49046.00000000001,4916.249999999999,17,2885.058823529412
2025-09-15,46056.11000000001,1820.0600000000002,15,3070.407333333334
2025-09-16,36464.46,3123.19,10,3646.446
2025-09-17,37823.36,2957.4500000000003,9,4202.595555555556
2025-09-18,37162.68000000001,2478.4,12,3096.890000000001
2025-09-19,39325.23,2803.71,12,3277.1025000000004
2025-09-20,42166.44000000001,1338.75,10,4216.644000000001
2025-09-21,70118.37,4711.03,19,3690.440526315789
2025-09-22,46645.0,2834.98,15,3109.6666666666665
2025-09-23,43253.55,2611.08,12,3604.4625
2025-09-24,43491.84,4100.06,16,2718.24
2025-09-25,33787.020000000004,1905.98,13,2599.001538461539
2025-09-26,37218.15,1793.26,12,3101.5125000000003
2025-09-27,54540.87,5546.049999999999,15,3636.058
2025-09-28,54981.249999999985,1976.2399999999998,16,3436.328124999999
2025-09-29,41829.060000000005,1518.5900000000001,9,4647.673333333334
2025-09-30,62256.829999999994,3095.3100000000004,19,3276.6752631578943
2025-10-01,66919.86,4405.26,15,4461.324
2025-10-02,64811.17,4004.88,13,4985.474615384615
2025-10-03,35142.55,1904.4699999999998,10,3514.255
2025-10-04,45360.93000000001,3762.419999999999,18,2520.051666666667
2025-10-05,45759.89,1979.5900000000001,13,3519.9915384615383
2025-10-06,32411.899999999998,2228.38,8,4051.4874999999997
2025-10-07,82830.45999999999,4792.91,20,4141.522999999999
2025-10-08,68837.54000000001,3953.19,21,3277.9780952380956
2025-10-09,61548.31,3533.9199999999996,17,3620.4888235294115
2025-10-10,30779.15,2308.39,14,2198.5107142857146
2025-10-11,53860.090000000004,1572.78,14,3847.149285714286
2025-10-12,41155.14,2676.2299999999996,11,3741.3763636363637
2025-10-13,45572.009999999995,3379.3200000000006,16,2848.2506249999997
2025-10-14,54208.560000000005,3657.31,17,3188.738823529412
2025-10-15,51887.59,4337.91,15,3459.1726666666664
2025-10-16,45283.420000000006,3626.3100000000004,12,3773.618333333334
2025-10-17,49845.060000000005,2051.96,12,4153.755
2025-10-18,39141.59999999999,2137.5299999999997,10,3914.159999999999
2025-10-19,48950.16,2150.57,12,4079.1800000000003
2025-10-20,66974.23000000001,5240.639999999999,21,3189.2490476190483
2025-10-21,44281.200000000004,1649.7299999999998,13,3406.2461538461544
2025-10-22,55369.43999999999,2441.1000000000004,14,3954.959999999999
2025-10-23,20600.530000000002,1706.44,8,2575.0662500000003
2025-10-24,46100.32,2666.95,13,3546.1784615384613
2025-10-25,55035.630000000005,2345.0699999999997,13,4233.51
2025-10-26,57429.270000000004,2653.2500000000005,20,2871.4635000000003
2025-10-27,44715.470000000016,2431.54,17,2630.321764705883
2025-10-28,42567.43,2349.66,15,2837.828666666667
2025-10-29,51560.270000000004,2137.6600000000003,16,3222.5168750000003
2025-10-30,57500.48,1917.1899999999998,16,3593.78
2025-10-31,50591.9,3101.0999999999995,13,3891.6846153846154
2025-11-01,50379.75999999999,2805.17,17,2963.515294117646
2025-11-02,51091.72000000001,3109.85,18,2838.4288888888896
2025-11-03,73395.47,4590.38,17,4317.380588235294
2025-11-04,28048.53,2457.6400000000003,10,2804.853
2025-11-05,65265.55,3817.2200000000007,21,3107.8833333333337
2025-11-06,35723.98,2203.27,13,2747.998461538462
2025-11-07,45912.19,2846.19,13,3531.7069230769234
2025-11-08,35221.9,2160.17,14,2515.85
2025-11-09,33919.03999999999,2087.97,8,4239.879999999999
2025-11-10,55349.16,2072.05,16,3459.3225
2025-11-11,52596.39,3953.2899999999995,15,3506.426
2025-11-12,57940.82,1026.1,12,4828.401666666667
2025-11-13,58108.770000000004,4662.85,15,3873.918
2025-11-14,41756.770000000004,884.34,12,3479.7308333333335
2025-11-15,72159.87,3309.15,19,3797.8878947368416
2025-11-16,39244.1,2163.96,15,2616.273333333333
2025-11-17,56782.700000000004,4609.179999999999,15,3785.513333333334
2025-11-18,30986.38,2354.84,11,2816.9436363636364
2025-11-19,46002.53999999999,1116.59,14,3285.895714285714
2025-11-20,61183.26,4630.45,18,3399.07
2025-11-21,36320.88,1110.51,8,4540.11
2025-11-22,40176.01,1927.6299999999997,11,3652.364545454546
2025-11-23,35128.47,838.87,10,3512.847
2025-11-24,46197.27,1580.0999999999997,14,3299.805
2025-11-25,35380.56999999999,3468.92,12,2948.3808333333327
2025-11-26,34820.46,2695.6500000000005,16,2176.27875
2025-11-27,42749.17999999999,2329.25,13,3288.398461538461
2025-11-28,29743.76,2048.71,9,3304.862222222222
2025-11-29,49758.8,3974.35,10,4975.88
2025-11-30,57410.21,4451.64,15,3827.347333333333
2025-12-01,37371.32,2184.2499999999995,13,2874.716923076923
2025-12-02,63368.55999999999,3218.73,16,3960.5349999999994
2025-12-03,32756.18,2051.21,12,2729.681666666667
2025-12-04,66341.49999999999,3785.5699999999997,16,4146.343749999999
2025-12-05,19925.31,1293.52,5,3985.0620000000004
2025-12-06,56413.24,3356.3900000000003,13,4339.48
2025-12-07,34538.4,3231.78,11,3139.8545454545456
2025-12-08,22873.93,1611.93,7,3267.7042857142856
2025-12-09,24058.8,597.34,5,4811.76
2025-12-10,18817.79,1167.35,8,2352.22375
2025-12-11,74596.62999999999,4487.03,19,3926.138421052631
2025-12-12,44329.11,2994.2700000000004,12,3694.0925
2025-12-13,31437.539999999997,3307.02,10,3143.754
2025-12-14,29516.8,3100.66,11,2683.3454545454547
2025-12-15,37081.22,2197.65,11,3371.02
2025-12-16,65967.96999999999,1531.73,17,3880.468823529411
2025-12-17,59001.6,2106.3500000000004,19,3105.3473684210526
2025-12-18,41562.880000000005,2959.4900000000002,16,2597.6800000000003
2025-12-19,22382.690000000002,476.34999999999997,11,2034.7900000000002
2025-12-20,59751.45,3957.5300000000007,18,3319.5249999999996
2025-12-21,42702.619999999995,5328.9800000000005,11,3882.056363636363
2025-12-22,50794.44000000001,1560.2299999999998,14,3628.1742857142863
2025-12-23,46407.649999999994,2862.07,16,2900.4781249999996
2025-12-24,64142.14,3045.3399999999997,19,3375.902105263158
2025-12-25,59779.670000000006,4751.58,14,4269.976428571429
2025-12-26,44606.61,2540.23,12,3717.2175
2025-12-27,45347.2,967.81,11,4122.472727272727
2025-12-28,82219.97999999998,3772.1299999999997,24,3425.832499999999
2025-12-29,27003.19,3442.0499999999997,9,3000.354444444444
2025-12-30,22883.44,2773.0600000000004,9,2542.604444444444
2025-12-31,42380.1,2033.21,13,3260.007692307692
2026-01-01,44802.05,3229.5499999999997,12,3733.504166666667
2026-01-02,55082.19,3668.44,13,4237.091538461538
2026-01-03,30487.03,1065.01,9,3387.4477777777774
2026-01-04,48864.810000000005,3602.9399999999996,13,3758.831538461539
2026-01-05,59405.670000000006,4761.24,16,3712.8543750000003
2026-01-06,88141.48000000001,6293.01,27,3264.49925925926
2026-01-07,50341.549999999996,854.51,12,4195.129166666667
2026-01-08,49631.399999999994,3400.8300000000004,13,3817.7999999999997
2026-01-09,68852.85,3832.21,18,3825.1583333333338
2026-01-10,69087.42,3371.96,24,2878.6425
2026-01-11,56144.98,4800.799999999999,15,3742.998666666667
2026-01-12,51705.26,3071.23,15,3447.0173333333337
2026-01-13,16680.06,284.83000000000004,6,2780.01
2026-01-14,32017.359999999997,1822.7199999999998,9,3557.4844444444443
2026-01-15,39130.47,2012.81,13,3010.036153846154
2026-01-16,23074.95,1819.31,8,2884.36875
2026-01-17,54460.27000000001,2793.8199999999997,15,3630.6846666666675
2026-01-18,27459.6,1126.04,8,3432.45
2026-01-19,26480.690000000002,2924.5799999999995,10,2648.0690000000004
2026-01-20,34100.63999999999,2831.7799999999997,15,2273.3759999999993
2026-01-21,32520.57,1927.18,11,2956.4154545454544
2026-01-22,28862.69,1188.28,8,3607.83625
2026-01-23,34195.24,2684.47,10,3419.524
2026-01-24,91146.77000000002,2778.5599999999995,21,4340.3223809523815
2026-01-25,60738.4,4380.09,15,4049.226666666667
2026-01-26,53106.48,3797.0400000000004,17,3123.910588235294
2026-01-27,54766.270000000004,3080.21,17,3221.5452941176472
2026-01-28,64647.369999999995,5478.09,16,4040.4606249999997
2026-01-29,39834.25000000001,2389.9400000000005,12,3319.520833333334
2026-01-30,63797.829999999994,2853.3900000000003,20,3189.8914999999997
2026-01-31,52729.39,2903.6099999999997,18,2929.4105555555557
2026-02-01,63794.21000000002,3365.0800000000004,16,3987.1381250000013
2026-02-02,78978.51000000002,2713.57,21,3760.8814285714298
2026-02-03,35577.83,1841.06,11,3234.348181818182
2026-02-04,67621.08,3731.000000000001,17,3977.7105882352944
2026-02-05,41489.19,2979.03,11,3771.7445454545455
2026-02-06,51058.9,3309.65,13,3927.6076923076926
2026-02-07,50414.08,2018.4199999999998,16,3150.88
2026-02-08,40233.04,2523.2599999999998,12,3352.7533333333336
2026-02-09,81312.29,4311.67,18,4517.349444444444
2026-02-10,35631.229999999996,1166.0900000000001,10,3563.1229999999996
2026-02-11,67522.70000000001,3716.9000000000005,18,3751.261111111112
2026-02-12,50752.42999999999,2449.3600000000006,17,2985.437058823529
2026-02-13,51367.64,2964.0,13,3951.356923076923
2026-02-14,31902.550000000003,1926.88,12,2658.5458333333336
2026-02-15,47903.490000000005,1847.51,14,3421.6778571428576
2026-02-16,41691.84,1076.8600000000001,12,3474.3199999999997
2026-02-17,82548.56,3614.8500000000004,19,4344.661052631579
2026-02-18,72789.85,3752.5399999999995,22,3308.6295454545457
2026-02-19,51937.100000000006,2033.7700000000004,16,3246.0687500000004
2026-02-20,31182.24,453.96000000000004,10,3118.224
2026-02-21,26833.489999999998,2048.2599999999998,9,2981.498888888889
2026-02-22,25464.589999999997,2447.2599999999998,11,2314.962727272727
2026-02-23,76269.74,2334.0299999999997,15,5084.649333333334
2026-02-24,47657.01000000001,2751.36,12,3971.417500000001
2026-02-25,64158.11999999999,4807.37,15,4277.208
2026-02-26,73783.05999999998,5011.120000000001,20,3689.1529999999993
2026-02-27,22183.199999999997,356.21,6,3697.1999999999994
2026-02-28,58008.159999999996,4268.51,13,4462.166153846154
2026-03-01,56305.62999999999,4425.17,23,2448.070869565217
